expiry_code,strike,cp,oi,data_date
202610F1,41600,C,0,2026-10-01
202610F1,41600,P,62,2026-10-01
202610F1,41700,C,0,2026-10-01
202610F1,41700,P,26,2026-10-01
202610F1,41800,C,0,2026-10-01
202610F1,41800,P,21,2026-10-01
202610F1,41900,C,0,2026-10-01
202610F1,41900,P,7,2026-10-01
202610F1,42000,C,0,2026-10-01
202610F1,42000,P,58,2026-10-01
202610F1,42100,C,0,2026-10-01
202610F1,42100,P,6,2026-10-01
202610F1,42200,C,0,2026-10-01
202610F1,42200,P,32,2026-10-01
202610F1,42300,C,0,2026-10-01
202610F1,42300,P,20,2026-10-01
202610F1,42400,C,0,2026-10-01
202610F1,42400,P,13,2026-10-01
202610F1,42500,C,0,2026-10-01
202610F1,42500,P,45,2026-10-01
202610F1,42600,C,0,2026-10-01
202610F1,42600,P,10,2026-10-01
202610F1,42700,C,0,2026-10-01
202610F1,42700,P,10,2026-10-01
202610F1,42800,C,0,2026-10-01
202610F2,42800,C,0,2026-10-01
202610F2,42800,P,47,2026-10-01
202610F1,42800,P,10,2026-10-01
202610F1,42900,C,0,2026-10-01
202610F2,42900,C,0,2026-10-01
202610F2,42900,P,9,2026-10-01
202610F1,42900,P,17,2026-10-01
202610F1,43000,C,0,2026-10-01
202610F2,43000,C,0,2026-10-01
202610F2,43000,P,1,2026-10-01
202610F1,43000,P,23,2026-10-01
202610F1,43100,C,0,2026-10-01
202610F2,43100,C,0,2026-10-01
202610F2,43100,P,4,2026-10-01
202610F1,43100,P,32,2026-10-01
202610F1,43200,C,0,2026-10-01
202610F2,43200,C,0,2026-10-01
202610F2,43200,P,37,2026-10-01
202610F1,43200,P,20,2026-10-01
202610F1,43300,C,0,2026-10-01
202610F2,43300,C,0,2026-10-01
202610F2,43300,P,4,2026-10-01
202610F1,43300,P,14,2026-10-01
202610F1,43400,C,0,2026-10-01
202610F2,43400,C,0,2026-10-01
202610F2,43400,P,7,2026-10-01
202610F1,43400,P,13,2026-10-01
202610F1,43500,C,0,2026-10-01
202610F2,43500,C,0,2026-10-01
202610F2,43500,P,6,2026-10-01
202610F1,43500,P,367,2026-10-01
202610F1,43600,C,0,2026-10-01
202610F2,43600,C,0,2026-10-01
202610F2,43600,P,1,2026-10-01
202610F1,43600,P,11,2026-10-01
202610F1,43700,C,0,2026-10-01
202610F2,43700,C,0,2026-10-01
202610F2,43700,P,1,2026-10-01
202610F1,43700,P,11,2026-10-01
202610F1,43800,C,0,2026-10-01
202610F2,43800,C,0,2026-10-01
202610F2,43800,P,2,2026-10-01
202610F1,43800,P,17,2026-10-01
202610F1,43900,C,0,2026-10-01
202610F2,43900,C,0,2026-10-01
202610F1,43900,P,15,2026-10-01
202610F2,43900,P,2,2026-10-01
202610F1,44000,C,0,2026-10-01
202610F2,44000,C,0,2026-10-01
202610F1,44000,P,69,2026-10-01
202610F2,44000,P,6,2026-10-01
202610F1,44100,C,0,2026-10-01
202610F2,44100,C,0,2026-10-01
202610F1,44100,P,26,2026-10-01
202610F2,44100,P,4,2026-10-01
202610F1,44200,C,0,2026-10-01
202610F2,44200,C,0,2026-10-01
202610F2,44200,P,23,2026-10-01
202610F1,44200,P,12,2026-10-01
202610F1,44300,C,0,2026-10-01
202610F2,44300,C,0,2026-10-01
202610F2,44300,P,171,2026-10-01
202610F1,44300,P,14,2026-10-01
202610F1,44400,C,0,2026-10-01
202610F2,44400,C,0,2026-10-01
202610F2,44400,P,22,2026-10-01
202610F1,44400,P,26,2026-10-01
202610F1,44500,C,0,2026-10-01
202610F2,44500,C,0,2026-10-01
202610F2,44500,P,17,2026-10-01
202610F1,44500,P,22,2026-10-01
202610F1,44600,C,0,2026-10-01
202610F2,44600,C,0,2026-10-01
202610F2,44600,P,16,2026-10-01
202610F1,44600,P,20,2026-10-01
202610F1,44700,C,0,2026-10-01
202610F2,44700,C,0,2026-10-01
202610F2,44700,P,26,2026-10-01
202610F1,44700,P,21,2026-10-01
202610F1,44800,C,0,2026-10-01
202610F2,44800,C,0,2026-10-01
202610F2,44800,P,12,2026-10-01
202610F1,44800,P,49,2026-10-01
202610F1,44900,C,0,2026-10-01
202610F2,44900,C,0,2026-10-01
202610F1,44900,P,71,2026-10-01
202610F2,44900,P,17,2026-10-01
202610F1,44950,C,0,2026-10-01
202610F1,44950,P,103,2026-10-01
202610F1,45000,C,0,2026-10-01
202610F2,45000,C,0,2026-10-01
202610F1,45000,P,138,2026-10-01
202610F2,45000,P,14,2026-10-01
202610F1,45050,C,0,2026-10-01
202610F1,45050,P,12,2026-10-01
202610F1,45100,C,0,2026-10-01
202610F2,45100,C,0,2026-10-01
202610F1,45100,P,12,2026-10-01
202610F2,45100,P,6,2026-10-01
202610F1,45150,C,0,2026-10-01
202610F1,45150,P,19,2026-10-01
202610F1,45200,C,0,2026-10-01
202610F2,45200,C,0,2026-10-01
202610F1,45200,P,183,2026-10-01
202610F2,45200,P,23,2026-10-01
202610F1,45250,C,0,2026-10-01
202610F1,45250,P,20,2026-10-01
202610F1,45300,C,0,2026-10-01
202610F2,45300,C,0,2026-10-01
202610F1,45300,P,31,2026-10-01
202610F2,45300,P,4,2026-10-01
202610F1,45350,C,0,2026-10-01
202610F1,45350,P,16,2026-10-01
202610F1,45400,C,0,2026-10-01
202610F2,45400,C,0,2026-10-01
202610F1,45400,P,30,2026-10-01
202610F2,45400,P,13,2026-10-01
202610F1,45450,C,0,2026-10-01
202610F1,45450,P,15,2026-10-01
202610F1,45500,C,0,2026-10-01
202610F2,45500,C,0,2026-10-01
202610F1,45500,P,175,2026-10-01
202610F2,45500,P,55,2026-10-01
202610F1,45550,C,0,2026-10-01
202610F1,45550,P,23,2026-10-01
202610F1,45600,C,0,2026-10-01
202610F2,45600,C,0,2026-10-01
202610F2,45600,P,2,2026-10-01
202610F1,45600,P,124,2026-10-01
202610F1,45650,C,1,2026-10-01
202610F1,45650,P,15,2026-10-01
202610F1,45700,C,1,2026-10-01
202610F2,45700,C,0,2026-10-01
202610F2,45700,P,1,2026-10-01
202610F1,45700,P,21,2026-10-01
202610F1,45750,C,0,2026-10-01
202610F1,45750,P,87,2026-10-01
202610F1,45800,C,0,2026-10-01
202610F2,45800,C,0,2026-10-01
202610F2,45800,P,8,2026-10-01
202610F1,45800,P,42,2026-10-01
202610F1,45850,C,0,2026-10-01
202610F1,45850,P,16,2026-10-01
202610F1,45900,C,0,2026-10-01
202610F2,45900,C,0,2026-10-01
202610F2,45900,P,19,2026-10-01
202610F1,45900,P,30,2026-10-01
202610F1,45950,C,1,2026-10-01
202610F1,45950,P,15,2026-10-01
202610F1,46000,C,0,2026-10-01
202610F2,46000,C,0,2026-10-01
202610F2,46000,P,18,2026-10-01
202610F1,46000,P,269,2026-10-01
202610F1,46050,C,5,2026-10-01
202610F1,46050,P,119,2026-10-01
202610F1,46100,C,0,2026-10-01
202610F2,46100,C,0,2026-10-01
202610F2,46100,P,6,2026-10-01
202610F1,46100,P,470,2026-10-01
202610F1,46150,C,3,2026-10-01
202610F1,46150,P,77,2026-10-01
202610F1,46200,C,0,2026-10-01
202610F2,46200,C,0,2026-10-01
202610F2,46200,P,8,2026-10-01
202610F1,46200,P,119,2026-10-01
202610F1,46250,C,4,2026-10-01
202610F2,46250,C,0,2026-10-01
202610F2,46250,P,3,2026-10-01
202610F1,46250,P,61,2026-10-01
202610F1,46300,C,0,2026-10-01
202610F2,46300,C,0,2026-10-01
202610F2,46300,P,4,2026-10-01
202610F1,46300,P,415,2026-10-01
202610F1,46350,C,12,2026-10-01
202610F2,46350,C,0,2026-10-01
202610F2,46350,P,0,2026-10-01
202610F1,46350,P,78,2026-10-01
202610F1,46400,C,4,2026-10-01
202610F2,46400,C,0,2026-10-01
202610F2,46400,P,20,2026-10-01
202610F1,46400,P,131,2026-10-01
202610F1,46450,C,8,2026-10-01
202610F2,46450,C,0,2026-10-01
202610F2,46450,P,0,2026-10-01
202610F1,46450,P,85,2026-10-01
202610F1,46500,C,820,2026-10-01
202610F2,46500,C,0,2026-10-01
202610F2,46500,P,17,2026-10-01
202610F1,46500,P,752,2026-10-01
202610F1,46550,C,4,2026-10-01
202610F2,46550,C,0,2026-10-01
202610F2,46550,P,0,2026-10-01
202610F1,46550,P,109,2026-10-01
202610F1,46600,C,645,2026-10-01
202610F2,46600,C,0,2026-10-01
202610F2,46600,P,4,2026-10-01
202610F1,46600,P,493,2026-10-01
202610F1,46650,C,1,2026-10-01
202610F2,46650,C,0,2026-10-01
202610F2,46650,P,0,2026-10-01
202610F1,46650,P,168,2026-10-01
202610F1,46700,C,500,2026-10-01
202610F2,46700,C,4,2026-10-01
202610F2,46700,P,167,2026-10-01
202610F1,46700,P,616,2026-10-01
202610F1,46750,C,1,2026-10-01
202610F2,46750,C,6,2026-10-01
202610F2,46750,P,7,2026-10-01
202610F1,46750,P,83,2026-10-01
202610F1,46800,C,186,2026-10-01
202610F2,46800,C,0,2026-10-01
202610F2,46800,P,14,2026-10-01
202610F1,46800,P,581,2026-10-01
202610F1,46850,C,4,2026-10-01
202610F2,46850,C,3,2026-10-01
202610F2,46850,P,5,2026-10-01
202610F1,46850,P,145,2026-10-01
202610F1,46900,C,500,2026-10-01
202610F2,46900,C,3,2026-10-01
202610F2,46900,P,6,2026-10-01
202610F1,46900,P,702,2026-10-01
202610F1,46950,C,8,2026-10-01
202610F2,46950,C,2,2026-10-01
202610F1,46950,P,205,2026-10-01
202610F2,46950,P,3,2026-10-01
202610F1,47000,C,503,2026-10-01
202610F2,47000,C,3,2026-10-01
202610F1,47000,P,1713,2026-10-01
202610F2,47000,P,12,2026-10-01
202610F2,47050,C,3,2026-10-01
202610F1,47050,C,16,2026-10-01
202610F1,47050,P,174,2026-10-01
202610F2,47050,P,3,2026-10-01
202610F1,47100,C,502,2026-10-01
202610F2,47100,C,3,2026-10-01
202610F1,47100,P,413,2026-10-01
202610F2,47100,P,4,2026-10-01
202610F2,47150,C,2,2026-10-01
202610F1,47150,C,11,2026-10-01
202610F2,47150,P,3,2026-10-01
202610F1,47150,P,246,2026-10-01
202610F1,47200,C,12,2026-10-01
202610F2,47200,C,0,2026-10-01
202610F1,47200,P,738,2026-10-01
202610F2,47200,P,2,2026-10-01
202610F2,47250,C,3,2026-10-01
202610F1,47250,C,20,2026-10-01
202610F2,47250,P,3,2026-10-01
202610F1,47250,P,431,2026-10-01
202610F1,47300,C,515,2026-10-01
202610F2,47300,C,1,2026-10-01
202610F1,47300,P,897,2026-10-01
202610F2,47300,P,5,2026-10-01
202610F2,47350,C,0,2026-10-01
202610F1,47350,C,34,2026-10-01
202610F2,47350,P,2,2026-10-01
202610F1,47350,P,595,2026-10-01
202610F1,47400,C,908,2026-10-01
202610F2,47400,C,2,2026-10-01
202610F1,47400,P,1036,2026-10-01
202610F2,47400,P,6,2026-10-01
202610F2,47450,C,0,2026-10-01
202610F1,47450,C,19,2026-10-01
202610F2,47450,P,3,2026-10-01
202610F1,47450,P,522,2026-10-01
202610F1,47500,C,522,2026-10-01
202610F2,47500,C,3,2026-10-01
202610F1,47500,P,1805,2026-10-01
202610F2,47500,P,7,2026-10-01
202610F2,47550,C,3,2026-10-01
202610F1,47550,C,34,2026-10-01
202610F2,47550,P,3,2026-10-01
202610F1,47550,P,780,2026-10-01
202610F1,47600,C,79,2026-10-01
202610F2,47600,C,2,2026-10-01
202610F1,47600,P,2103,2026-10-01
202610F2,47600,P,2,2026-10-01
202610F2,47650,C,4,2026-10-01
202610F1,47650,C,44,2026-10-01
202610F2,47650,P,4,2026-10-01
202610F1,47650,P,350,2026-10-01
202610F1,47700,C,175,2026-10-01
202610F2,47700,C,2,2026-10-01
202610F1,47700,P,688,2026-10-01
202610F2,47700,P,4,2026-10-01
202610F2,47750,C,3,2026-10-01
202610F1,47750,C,31,2026-10-01
202610F1,47750,P,379,2026-10-01
202610F2,47750,P,3,2026-10-01
202610F1,47800,C,203,2026-10-01
202610F2,47800,C,0,2026-10-01
202610F1,47800,P,1287,2026-10-01
202610F2,47800,P,1,2026-10-01
202610F2,47850,C,2,2026-10-01
202610F1,47850,C,48,2026-10-01
202610F1,47850,P,316,2026-10-01
202610F2,47850,P,3,2026-10-01
202610F1,47900,C,304,2026-10-01
202610F2,47900,C,4,2026-10-01
202610F1,47900,P,1484,2026-10-01
202610F2,47900,P,6,2026-10-01
202610F1,47950,C,114,2026-10-01
202610F2,47950,C,3,2026-10-01
202610F1,47950,P,493,2026-10-01
202610F2,47950,P,3,2026-10-01
202610F1,48000,C,914,2026-10-01
202610F2,48000,C,2,2026-10-01
202610F2,48000,P,2,2026-10-01
202610F1,48000,P,2297,2026-10-01
202610F1,48050,C,114,2026-10-01
202610F2,48050,C,4,2026-10-01
202610F1,48050,P,367,2026-10-01
202610F2,48050,P,3,2026-10-01
202610F1,48100,C,493,2026-10-01
202610F2,48100,C,3,2026-10-01
202610F2,48100,P,3,2026-10-01
202610F1,48100,P,586,2026-10-01
202610F1,48150,C,202,2026-10-01
202610F2,48150,C,2,2026-10-01
202610F2,48150,P,3,2026-10-01
202610F1,48150,P,322,2026-10-01
202610F1,48200,C,900,2026-10-01
202610F2,48200,C,2,2026-10-01
202610F2,48200,P,2,2026-10-01
202610F1,48200,P,570,2026-10-01
202610F1,48250,C,365,2026-10-01
202610F2,48250,C,6,2026-10-01
202610F2,48250,P,1,2026-10-01
202610F1,48250,P,168,2026-10-01
202610F1,48300,C,866,2026-10-01
202610F2,48300,C,2,2026-10-01
202610F2,48300,P,0,2026-10-01
202610F1,48300,P,539,2026-10-01
202610F1,48350,C,609,2026-10-01
202610F2,48350,C,2,2026-10-01
202610F2,48350,P,1,2026-10-01
202610F1,48350,P,480,2026-10-01
202610F1,48400,C,1240,2026-10-01
202610F2,48400,C,6,2026-10-01
202610F2,48400,P,5,2026-10-01
202610F1,48400,P,444,2026-10-01
202610F1,48450,C,424,2026-10-01
202610F2,48450,C,1,2026-10-01
202610F2,48450,P,1,2026-10-01
202610F1,48450,P,69,2026-10-01
202610F1,48500,C,1543,2026-10-01
202610F2,48500,C,2,2026-10-01
202610F2,48500,P,1,2026-10-01
202610F1,48500,P,195,2026-10-01
202610F1,48550,C,354,2026-10-01
202610F2,48550,C,5,2026-10-01
202610F2,48550,P,1,2026-10-01
202610F1,48550,P,33,2026-10-01
202610F1,48600,C,1345,2026-10-01
202610F2,48600,C,5,2026-10-01
202610F2,48600,P,3,2026-10-01
202610F1,48600,P,78,2026-10-01
202610F1,48650,C,371,2026-10-01
202610F2,48650,C,0,2026-10-01
202610F2,48650,P,0,2026-10-01
202610F1,48650,P,24,2026-10-01
202610F1,48700,C,917,2026-10-01
202610F2,48700,C,7,2026-10-01
202610F2,48700,P,5,2026-10-01
202610F1,48700,P,25,2026-10-01
202610F1,48750,C,700,2026-10-01
202610F2,48750,C,0,2026-10-01
202610F2,48750,P,0,2026-10-01
202610F1,48750,P,14,2026-10-01
202610F1,48800,C,1583,2026-10-01
202610F2,48800,C,7,2026-10-01
202610F2,48800,P,0,2026-10-01
202610F1,48800,P,35,2026-10-01
202610F1,48850,C,394,2026-10-01
202610F2,48850,C,2,2026-10-01
202610F2,48850,P,2,2026-10-01
202610F1,48850,P,22,2026-10-01
202610F1,48900,C,1038,2026-10-01
202610F2,48900,C,2,2026-10-01
202610F2,48900,P,0,2026-10-01
202610F1,48900,P,8,2026-10-01
202610F1,48950,C,368,2026-10-01
202610F2,48950,C,0,2026-10-01
202610F2,48950,P,0,2026-10-01
202610F1,48950,P,9,2026-10-01
202610F1,49000,C,2420,2026-10-01
202610F2,49000,C,9,2026-10-01
202610F2,49000,P,0,2026-10-01
202610F1,49000,P,29,2026-10-01
202610F1,49050,C,325,2026-10-01
202610F2,49050,C,2,2026-10-01
202610F2,49050,P,2,2026-10-01
202610F1,49050,P,18,2026-10-01
202610F1,49100,C,878,2026-10-01
202610F2,49100,C,5,2026-10-01
202610F2,49100,P,2,2026-10-01
202610F1,49100,P,6,2026-10-01
202610F1,49150,C,392,2026-10-01
202610F2,49150,C,6,2026-10-01
202610F2,49150,P,0,2026-10-01
202610F1,49150,P,20,2026-10-01
202610F1,49200,C,958,2026-10-01
202610F2,49200,C,4,2026-10-01
202610F2,49200,P,0,2026-10-01
202610F1,49200,P,3,2026-10-01
202610F1,49250,C,188,2026-10-01
202610F2,49250,C,1,2026-10-01
202610F2,49250,P,0,2026-10-01
202610F1,49250,P,2,2026-10-01
202610F2,49300,C,3,2026-10-01
202610F1,49300,C,412,2026-10-01
202610F1,49300,P,1,2026-10-01
202610F2,49300,P,0,2026-10-01
202610F1,49350,C,208,2026-10-01
202610F2,49350,C,1,2026-10-01
202610F2,49350,P,0,2026-10-01
202610F1,49350,P,1,2026-10-01
202610F2,49400,C,1,2026-10-01
202610F1,49400,C,478,2026-10-01
202610F1,49400,P,0,2026-10-01
202610F2,49400,P,0,2026-10-01
202610F1,49450,C,172,2026-10-01
202610F2,49450,C,1,2026-10-01
202610F2,49450,P,0,2026-10-01
202610F1,49450,P,1,2026-10-01
202610F2,49500,C,13,2026-10-01
202610F1,49500,C,1462,2026-10-01
202610F1,49500,P,3,2026-10-01
202610F2,49500,P,0,2026-10-01
202610F1,49550,C,205,2026-10-01
202610F1,49550,P,0,2026-10-01
202610F2,49600,C,1,2026-10-01
202610F1,49600,C,543,2026-10-01
202610F1,49600,P,1,2026-10-01
202610F2,49600,P,0,2026-10-01
202610F2,49700,C,9,2026-10-01
202610F1,49700,C,1299,2026-10-01
202610F1,49700,P,0,2026-10-01
202610F2,49700,P,0,2026-10-01
202610F2,49800,C,6,2026-10-01
202610F1,49800,C,581,2026-10-01
202610F1,49800,P,0,2026-10-01
202610F2,49800,P,0,2026-10-01
202610F2,49900,C,2,2026-10-01
202610F1,49900,C,190,2026-10-01
202610F1,49900,P,0,2026-10-01
202610F2,49900,P,0,2026-10-01
202610F1,50000,C,1278,2026-10-01
202610F2,50000,C,62,2026-10-01
202610F1,50000,P,1,2026-10-01
202610F2,50000,P,0,2026-10-01
202610F1,50100,C,87,2026-10-01
202610F2,50100,C,1,2026-10-01
202610F1,50100,P,0,2026-10-01
202610F2,50100,P,0,2026-10-01
202610F2,50200,C,12,2026-10-01
202610F1,50200,C,131,2026-10-01
202610F1,50200,P,0,2026-10-01
202610F2,50200,P,0,2026-10-01
202610F2,50300,C,4,2026-10-01
202610F1,50300,C,277,2026-10-01
202610F1,50300,P,2,2026-10-01
202610F2,50300,P,0,2026-10-01
202610F2,50400,C,6,2026-10-01
202610F1,50400,C,432,2026-10-01
202610F1,50400,P,0,2026-10-01
202610F2,50400,P,0,2026-10-01
202610F2,50500,C,3,2026-10-01
202610F1,50500,C,1479,2026-10-01
202610F1,50500,P,0,2026-10-01
202610F2,50500,P,0,2026-10-01
202610F2,50600,C,8,2026-10-01
202610F1,50600,C,41,2026-10-01
202610F1,50600,P,0,2026-10-01
202610F2,50600,P,0,2026-10-01
202610F2,50700,C,4,2026-10-01
202610F1,50700,C,338,2026-10-01
202610F1,50700,P,0,2026-10-01
202610F2,50700,P,0,2026-10-01
202610F2,50800,C,1,2026-10-01
202610F1,50800,C,132,2026-10-01
202610F2,50800,P,0,2026-10-01
202610F1,50800,P,0,2026-10-01
202610F1,50900,C,112,2026-10-01
202610F2,50900,C,2,2026-10-01
202610F2,50900,P,0,2026-10-01
202610F1,50900,P,0,2026-10-01
202610F1,51000,C,250,2026-10-01
202610F2,51000,C,3,2026-10-01
202610F2,51000,P,0,2026-10-01
202610F1,51000,P,0,2026-10-01
202610F2,51100,C,8,2026-10-01
202610F1,51100,C,20,2026-10-01
202610F1,51100,P,0,2026-10-01
202610F2,51100,P,0,2026-10-01
202610F2,51200,C,1,2026-10-01
202610F1,51200,C,67,2026-10-01
202610F1,51200,P,0,2026-10-01
202610F2,51200,P,0,2026-10-01
202610F2,51300,C,1,2026-10-01
202610F1,51300,C,46,2026-10-01
202610F2,51300,P,0,2026-10-01
202610F1,51300,P,0,2026-10-01
202610F2,51400,C,0,2026-10-01
202610F1,51400,C,44,2026-10-01
202610F2,51400,P,0,2026-10-01
202610F1,51400,P,0,2026-10-01
202610F2,51500,C,8,2026-10-01
202610F1,51500,C,8,2026-10-01
202610F2,51500,P,0,2026-10-01
202610F1,51500,P,0,2026-10-01
202610F2,51600,C,5,2026-10-01
202610F1,51600,C,9,2026-10-01
202610F2,51600,P,0,2026-10-01
202610F1,51600,P,0,2026-10-01
202610F2,51700,C,9,2026-10-01
202610F1,51700,C,15,2026-10-01
202610F2,51700,P,0,2026-10-01
202610F1,51700,P,0,2026-10-01
202610F2,51800,C,5,2026-10-01
202610F1,51800,C,14,2026-10-01
202610F2,51800,P,0,2026-10-01
202610F1,51800,P,0,2026-10-01
202610F2,51900,C,3,2026-10-01
202610F1,51900,C,54,2026-10-01
202610F2,51900,P,0,2026-10-01
202610F1,51900,P,0,2026-10-01
202610F2,52000,C,18,2026-10-01
202610F1,52000,C,1695,2026-10-01
202610F1,52000,P,0,2026-10-01
202610F2,52000,P,0,2026-10-01
202610F2,52100,C,0,2026-10-01
202610F1,52100,C,144,2026-10-01
202610F1,52100,P,0,2026-10-01
202610F2,52100,P,0,2026-10-01
202610F2,52200,C,0,2026-10-01
202610F1,52200,C,20,2026-10-01
202610F1,52200,P,0,2026-10-01
202610F2,52200,P,0,2026-10-01
202610F2,52300,C,2,2026-10-01
202610F1,52300,C,105,2026-10-01
202610F1,52300,P,0,2026-10-01
202610F2,52300,P,0,2026-10-01
202610F2,52400,C,5,2026-10-01
202610F1,52400,C,19,2026-10-01
202610F1,52400,P,0,2026-10-01
202610F2,52400,P,0,2026-10-01
202610F2,52500,C,0,2026-10-01
202610F1,52500,C,430,2026-10-01
202610F1,52500,P,0,2026-10-01
202610F2,52500,P,0,2026-10-01
202610F2,52600,C,0,2026-10-01
202610F1,52600,C,6,2026-10-01
202610F1,52600,P,0,2026-10-01
202610F2,52600,P,0,2026-10-01
202610F1,52700,C,1,2026-10-01
202610F2,52700,C,0,2026-10-01
202610F1,52700,P,0,2026-10-01
202610F2,52700,P,0,2026-10-01
202610F1,52800,C,0,2026-10-01
202610F2,52800,C,0,2026-10-01
202610F1,52800,P,0,2026-10-01
202610F2,52800,P,0,2026-10-01
202610F1,52900,C,1,2026-10-01
202610F2,52900,C,20,2026-10-01
202610F1,52900,P,0,2026-10-01
202610F2,52900,P,0,2026-10-01
202610F1,53000,C,10,2026-10-01
202610F1,53000,P,0,2026-10-01
202610W1,42800,C,0,2026-10-01
202610W1,42800,P,61,2026-10-01
202610W1,42900,C,0,2026-10-01
202610W1,42900,P,16,2026-10-01
202610W1,43000,C,0,2026-10-01
202610W1,43000,P,149,2026-10-01
202610W1,43100,C,0,2026-10-01
202610W1,43100,P,4,2026-10-01
202610W1,43200,C,0,2026-10-01
202610W1,43200,P,11,2026-10-01
202610W1,43300,C,0,2026-10-01
202610W1,43300,P,17,2026-10-01
202610W1,43400,C,0,2026-10-01
202610W1,43400,P,7,2026-10-01
202610W1,43500,C,0,2026-10-01
202610W1,43500,P,15,2026-10-01
202610W1,43600,C,0,2026-10-01
202610W1,43600,P,6,2026-10-01
202610W1,43700,C,0,2026-10-01
202610W1,43700,P,11,2026-10-01
202610W1,43800,C,0,2026-10-01
202610W1,43800,P,526,2026-10-01
202610W1,43900,C,6,2026-10-01
202610W1,43900,P,185,2026-10-01
202610W1,44000,C,5,2026-10-01
202610W1,44000,P,299,2026-10-01
202610W1,44100,C,0,2026-10-01
202610W1,44100,P,1,2026-10-01
202610W1,44200,C,0,2026-10-01
202610W1,44200,P,16,2026-10-01
202610W1,44300,C,0,2026-10-01
202610W1,44300,P,333,2026-10-01
202610W1,44400,C,0,2026-10-01
202610W1,44400,P,10,2026-10-01
202610W1,44500,C,0,2026-10-01
202610W1,44500,P,158,2026-10-01
202610W1,44600,C,0,2026-10-01
202610W1,44600,P,17,2026-10-01
202610W1,44700,C,0,2026-10-01
202610W1,44700,P,357,2026-10-01
202610W1,44800,C,0,2026-10-01
202610W1,44800,P,17,2026-10-01
202610W1,44900,C,0,2026-10-01
202610W1,44900,P,23,2026-10-01
202610W1,45000,C,0,2026-10-01
202610W1,45000,P,112,2026-10-01
202610W1,45100,C,0,2026-10-01
202610W1,45100,P,23,2026-10-01
202610W1,45200,C,0,2026-10-01
202610W1,45200,P,61,2026-10-01
202610W1,45300,C,0,2026-10-01
202610W1,45300,P,101,2026-10-01
202610W1,45400,C,0,2026-10-01
202610W1,45400,P,61,2026-10-01
202610W1,45500,C,1,2026-10-01
202610W1,45500,P,121,2026-10-01
202610W1,45600,C,2,2026-10-01
202610W1,45600,P,24,2026-10-01
202610W1,45700,C,0,2026-10-01
202610W1,45700,P,23,2026-10-01
202610W1,45800,C,0,2026-10-01
202610W1,45800,P,23,2026-10-01
202610W1,45900,C,0,2026-10-01
202610W1,45900,P,252,2026-10-01
202610W1,46000,C,0,2026-10-01
202610W1,46000,P,342,2026-10-01
202610W1,46100,C,0,2026-10-01
202610W1,46100,P,19,2026-10-01
202610W1,46200,C,0,2026-10-01
202610W1,46200,P,58,2026-10-01
202610W1,46250,C,0,2026-10-01
202610W1,46250,P,8,2026-10-01
202610W1,46300,C,0,2026-10-01
202610W1,46300,P,18,2026-10-01
202610W1,46350,C,0,2026-10-01
202610W1,46350,P,4,2026-10-01
202610W1,46400,C,0,2026-10-01
202610W1,46400,P,75,2026-10-01
202610W1,46450,C,0,2026-10-01
202610W1,46450,P,10,2026-10-01
202610W1,46500,C,0,2026-10-01
202610W1,46500,P,98,2026-10-01
202610W1,46550,C,0,2026-10-01
202610W1,46550,P,50,2026-10-01
202610W1,46600,C,450,2026-10-01
202610W1,46600,P,90,2026-10-01
202610W1,46650,C,0,2026-10-01
202610W1,46650,P,2,2026-10-01
202610W1,46700,C,451,2026-10-01
202610W1,46700,P,392,2026-10-01
202610W1,46750,C,0,2026-10-01
202610W1,46750,P,10,2026-10-01
202610W1,46800,C,450,2026-10-01
202610W1,46800,P,221,2026-10-01
202610W1,46850,C,0,2026-10-01
202610W1,46850,P,18,2026-10-01
202610W1,46900,C,1,2026-10-01
202610W1,46900,P,45,2026-10-01
202610W1,46950,C,0,2026-10-01
202610W1,46950,P,17,2026-10-01
202610W1,47000,C,6,2026-10-01
202610W1,47000,P,266,2026-10-01
202610W1,47050,C,0,2026-10-01
202610W1,47050,P,7,2026-10-01
202610W1,47100,C,6,2026-10-01
202610W1,47100,P,76,2026-10-01
202610W1,47150,C,0,2026-10-01
202610W1,47150,P,13,2026-10-01
202610W1,47200,C,0,2026-10-01
202610W1,47200,P,169,2026-10-01
202610W1,47250,C,0,2026-10-01
202610W1,47250,P,11,2026-10-01
202610W1,47300,C,0,2026-10-01
202610W1,47300,P,154,2026-10-01
202610W1,47350,C,0,2026-10-01
202610W1,47350,P,27,2026-10-01
202610W1,47400,C,2,2026-10-01
202610W1,47400,P,106,2026-10-01
202610W1,47450,C,0,2026-10-01
202610W1,47450,P,14,2026-10-01
202610W1,47500,C,6,2026-10-01
202610W1,47500,P,114,2026-10-01
202610W1,47550,C,2,2026-10-01
202610W1,47550,P,24,2026-10-01
202610W1,47600,C,3,2026-10-01
202610W1,47600,P,50,2026-10-01
202610W1,47650,C,8,2026-10-01
202610W1,47650,P,21,2026-10-01
202610W1,47700,C,10,2026-10-01
202610W1,47700,P,53,2026-10-01
202610W1,47750,C,9,2026-10-01
202610W1,47750,P,16,2026-10-01
202610W1,47800,C,21,2026-10-01
202610W1,47800,P,81,2026-10-01
202610W1,47850,C,5,2026-10-01
202610W1,47850,P,21,2026-10-01
202610W1,47900,C,21,2026-10-01
202610W1,47900,P,28,2026-10-01
202610W1,47950,C,28,2026-10-01
202610W1,47950,P,17,2026-10-01
202610W1,48000,C,82,2026-10-01
202610W1,48000,P,87,2026-10-01
202610W1,48050,C,21,2026-10-01
202610W1,48050,P,11,2026-10-01
202610W1,48100,C,39,2026-10-01
202610W1,48100,P,59,2026-10-01
202610W1,48150,C,24,2026-10-01
202610W1,48150,P,16,2026-10-01
202610W1,48200,C,61,2026-10-01
202610W1,48200,P,55,2026-10-01
202610W1,48250,C,15,2026-10-01
202610W1,48250,P,7,2026-10-01
202610W1,48300,C,34,2026-10-01
202610W1,48300,P,69,2026-10-01
202610W1,48350,C,19,2026-10-01
202610W1,48350,P,6,2026-10-01
202610W1,48400,C,65,2026-10-01
202610W1,48400,P,20,2026-10-01
202610W1,48450,C,25,2026-10-01
202610W1,48450,P,13,2026-10-01
202610W1,48500,C,402,2026-10-01
202610W1,48500,P,21,2026-10-01
202610W1,48550,C,37,2026-10-01
202610W1,48550,P,24,2026-10-01
202610W1,48600,C,65,2026-10-01
202610W1,48600,P,27,2026-10-01
202610W1,48650,C,18,2026-10-01
202610W1,48650,P,5,2026-10-01
202610W1,48700,C,72,2026-10-01
202610W1,48700,P,4,2026-10-01
202610W1,48750,C,18,2026-10-01
202610W1,48750,P,5,2026-10-01
202610W1,48800,C,51,2026-10-01
202610W1,48800,P,2,2026-10-01
202610W1,48850,C,6,2026-10-01
202610W1,48850,P,5,2026-10-01
202610W1,48900,C,75,2026-10-01
202610W1,48900,P,4,2026-10-01
202610W1,48950,C,113,2026-10-01
202610W1,48950,P,0,2026-10-01
202610W1,49000,C,359,2026-10-01
202610W1,49000,P,5,2026-10-01
202610W1,49050,C,13,2026-10-01
202610W1,49050,P,0,2026-10-01
202610W1,49100,C,83,2026-10-01
202610W1,49100,P,0,2026-10-01
202610W1,49150,C,58,2026-10-01
202610W1,49150,P,0,2026-10-01
202610W1,49200,C,164,2026-10-01
202610W1,49200,P,2,2026-10-01
202610W1,49250,C,55,2026-10-01
202610W1,49250,P,1,2026-10-01
202610W1,49300,C,139,2026-10-01
202610W1,49300,P,0,2026-10-01
202610W1,49350,C,60,2026-10-01
202610W1,49350,P,0,2026-10-01
202610W1,49400,C,108,2026-10-01
202610W1,49400,P,0,2026-10-01
202610W1,49450,C,54,2026-10-01
202610W1,49450,P,0,2026-10-01
202610W1,49500,C,119,2026-10-01
202610W1,49500,P,4,2026-10-01
202610W1,49550,C,50,2026-10-01
202610W1,49550,P,0,2026-10-01
202610W1,49600,C,133,2026-10-01
202610W1,49600,P,0,2026-10-01
202610W1,49700,C,65,2026-10-01
202610W1,49700,P,0,2026-10-01
202610W1,49800,C,74,2026-10-01
202610W1,49800,P,0,2026-10-01
202610W1,49900,C,34,2026-10-01
202610W1,49900,P,0,2026-10-01
202610W1,50000,C,430,2026-10-01
202610W1,50000,P,1,2026-10-01
202610W1,50100,C,50,2026-10-01
202610W1,50100,P,0,2026-10-01
202610W1,50200,C,105,2026-10-01
202610W1,50200,P,0,2026-10-01
202610W1,50300,C,36,2026-10-01
202610W1,50300,P,0,2026-10-01
202610W1,50400,C,38,2026-10-01
202610W1,50400,P,0,2026-10-01
202610W1,50500,C,65,2026-10-01
202610W1,50500,P,0,2026-10-01
202610W1,50600,C,20,2026-10-01
202610W1,50600,P,0,2026-10-01
202610W1,50700,C,11,2026-10-01
202610W1,50700,P,0,2026-10-01
202610W1,50800,C,55,2026-10-01
202610W1,50800,P,0,2026-10-01
202610W1,50900,C,8,2026-10-01
202610W1,50900,P,0,2026-10-01
202610W1,51000,C,14,2026-10-01
202610W1,51000,P,0,2026-10-01
202610W1,51100,C,6,2026-10-01
202610W1,51100,P,0,2026-10-01
202610W1,51200,C,3,2026-10-01
202610W1,51200,P,0,2026-10-01
202610W1,51300,C,22,2026-10-01
202610W1,51300,P,0,2026-10-01
202610W1,51400,C,8,2026-10-01
202610W1,51400,P,0,2026-10-01
202610W1,51500,C,15,2026-10-01
202610W1,51500,P,0,2026-10-01
202610W1,51600,C,0,2026-10-01
202610W1,51600,P,0,2026-10-01
202610W1,51700,C,3,2026-10-01
202610W1,51700,P,0,2026-10-01
202610W1,51800,C,5,2026-10-01
202610W1,51800,P,0,2026-10-01
202610W1,51900,C,13,2026-10-01
202610W1,51900,P,0,2026-10-01
202610W1,52000,C,11,2026-10-01
202610W1,52000,P,0,2026-10-01
202610W1,52100,C,1,2026-10-01
202610W1,52100,P,0,2026-10-01
202610W1,52200,C,10,2026-10-01
202610W1,52200,P,0,2026-10-01
202610W1,52300,C,1,2026-10-01
202610W1,52300,P,0,2026-10-01
202610W1,52400,C,3,2026-10-01
202610W1,52400,P,0,2026-10-01
202610W1,52500,C,11,2026-10-01
202610W1,52500,P,0,2026-10-01
202610W1,52600,C,1,2026-10-01
202610W1,52600,P,0,2026-10-01
202610W1,52700,C,4,2026-10-01
202610W1,52700,P,0,2026-10-01
202610W1,52800,C,7,2026-10-01
202610W1,52800,P,0,2026-10-01
202610W1,52900,C,1,2026-10-01
202610W1,52900,P,0,2026-10-01
202610W1,53000,C,494,2026-10-01
202610W1,53000,P,0,2026-10-01
202610W2,42800,C,0,2026-10-01
202610W2,42800,P,22,2026-10-01
202610W2,42900,C,0,2026-10-01
202610W2,42900,P,1,2026-10-01
202610W2,43000,C,0,2026-10-01
202610W2,43000,P,4,2026-10-01
202610W2,43100,C,0,2026-10-01
202610W2,43100,P,1,2026-10-01
202610W2,43200,C,0,2026-10-01
202610W2,43200,P,6,2026-10-01
202610W2,43300,C,0,2026-10-01
202610W2,43300,P,4,2026-10-01
202610W2,43400,C,0,2026-10-01
202610W2,43400,P,0,2026-10-01
202610W2,43500,C,0,2026-10-01
202610W2,43500,P,12,2026-10-01
202610W2,43600,C,0,2026-10-01
202610W2,43600,P,0,2026-10-01
202610W2,43700,C,0,2026-10-01
202610W2,43700,P,1,2026-10-01
202610W2,43800,C,0,2026-10-01
202610W2,43800,P,0,2026-10-01
202610W2,43900,C,0,2026-10-01
202610W2,43900,P,5,2026-10-01
202610W2,44000,C,0,2026-10-01
202610W2,44000,P,2,2026-10-01
202610W2,44100,C,0,2026-10-01
202610W2,44100,P,0,2026-10-01
202610W2,44200,C,0,2026-10-01
202610W2,44200,P,0,2026-10-01
202610W2,44300,C,0,2026-10-01
202610W2,44300,P,1,2026-10-01
202610W2,44400,C,0,2026-10-01
202610W2,44400,P,0,2026-10-01
202610W2,44500,C,0,2026-10-01
202610W2,44500,P,0,2026-10-01
202610W2,44600,C,0,2026-10-01
202610W2,44600,P,5,2026-10-01
202610W2,44700,C,0,2026-10-01
202610W2,44700,P,0,2026-10-01
202610W2,44800,C,0,2026-10-01
202610W2,44800,P,135,2026-10-01
202610W2,44900,C,0,2026-10-01
202610W2,44900,P,0,2026-10-01
202610W2,45000,C,0,2026-10-01
202610W2,45000,P,46,2026-10-01
202610W2,45100,C,0,2026-10-01
202610W2,45100,P,0,2026-10-01
202610W2,45200,C,0,2026-10-01
202610W2,45200,P,16,2026-10-01
202610W2,45300,C,0,2026-10-01
202610W2,45300,P,15,2026-10-01
202610W2,45400,C,0,2026-10-01
202610W2,45400,P,23,2026-10-01
202610W2,45500,C,0,2026-10-01
202610W2,45500,P,15,2026-10-01
202610W2,45600,C,0,2026-10-01
202610W2,45600,P,17,2026-10-01
202610W2,45700,C,0,2026-10-01
202610W2,45700,P,16,2026-10-01
202610W2,45800,C,0,2026-10-01
202610W2,45800,P,13,2026-10-01
202610W2,45900,C,0,2026-10-01
202610W2,45900,P,14,2026-10-01
202610W2,46000,C,0,2026-10-01
202610W2,46000,P,33,2026-10-01
202610W2,46100,C,0,2026-10-01
202610W2,46100,P,4,2026-10-01
202610W2,46200,C,0,2026-10-01
202610W2,46200,P,1,2026-10-01
202610W2,46250,C,0,2026-10-01
202610W2,46250,P,0,2026-10-01
202610W2,46300,C,1,2026-10-01
202610W2,46300,P,3,2026-10-01
202610W2,46350,C,0,2026-10-01
202610W2,46350,P,0,2026-10-01
202610W2,46400,C,1,2026-10-01
202610W2,46400,P,1,2026-10-01
202610W2,46450,C,0,2026-10-01
202610W2,46450,P,1,2026-10-01
202610W2,46500,C,0,2026-10-01
202610W2,46500,P,6,2026-10-01
202610W2,46550,C,0,2026-10-01
202610W2,46550,P,0,2026-10-01
202610W2,46600,C,1,2026-10-01
202610W2,46600,P,2,2026-10-01
202610W2,46650,C,0,2026-10-01
202610W2,46650,P,0,2026-10-01
202610W2,46700,C,0,2026-10-01
202610W2,46700,P,0,2026-10-01
202610W2,46750,C,0,2026-10-01
202610W2,46750,P,1,2026-10-01
202610W2,46800,C,1,2026-10-01
202610W2,46800,P,5,2026-10-01
202610W2,46850,C,0,2026-10-01
202610W2,46850,P,0,2026-10-01
202610W2,46900,C,0,2026-10-01
202610W2,46900,P,1,2026-10-01
202610W2,46950,C,1,2026-10-01
202610W2,46950,P,5,2026-10-01
202610W2,47000,C,0,2026-10-01
202610W2,47000,P,1,2026-10-01
202610W2,47050,C,0,2026-10-01
202610W2,47050,P,0,2026-10-01
202610W2,47100,C,1,2026-10-01
202610W2,47100,P,24,2026-10-01
202610W2,47150,C,1,2026-10-01
202610W2,47150,P,2,2026-10-01
202610W2,47200,C,0,2026-10-01
202610W2,47200,P,2,2026-10-01
202610W2,47250,C,0,2026-10-01
202610W2,47250,P,0,2026-10-01
202610W2,47300,C,0,2026-10-01
202610W2,47300,P,3,2026-10-01
202610W2,47350,C,0,2026-10-01
202610W2,47350,P,2,2026-10-01
202610W2,47400,C,4,2026-10-01
202610W2,47400,P,1,2026-10-01
202610W2,47450,C,0,2026-10-01
202610W2,47450,P,0,2026-10-01
202610W2,47500,C,0,2026-10-01
202610W2,47500,P,2,2026-10-01
202610W2,47550,C,0,2026-10-01
202610W2,47550,P,0,2026-10-01
202610W2,47600,C,0,2026-10-01
202610W2,47600,P,2,2026-10-01
202610W2,47650,C,0,2026-10-01
202610W2,47650,P,0,2026-10-01
202610W2,47700,C,2,2026-10-01
202610W2,47700,P,2,2026-10-01
202610W2,47750,C,0,2026-10-01
202610W2,47750,P,1,2026-10-01
202610W2,47800,C,0,2026-10-01
202610W2,47800,P,2,2026-10-01
202610W2,47850,C,4,2026-10-01
202610W2,47850,P,4,2026-10-01
202610W2,47900,C,2,2026-10-01
202610W2,47900,P,3,2026-10-01
202610W2,47950,C,2,2026-10-01
202610W2,47950,P,2,2026-10-01
202610W2,48000,C,2,2026-10-01
202610W2,48000,P,12,2026-10-01
202610W2,48050,C,2,2026-10-01
202610W2,48050,P,3,2026-10-01
202610W2,48100,C,0,2026-10-01
202610W2,48100,P,1,2026-10-01
202610W2,48150,C,1,2026-10-01
202610W2,48150,P,1,2026-10-01
202610W2,48200,C,1,2026-10-01
202610W2,48200,P,1,2026-10-01
202610W2,48250,C,2,2026-10-01
202610W2,48250,P,3,2026-10-01
202610W2,48300,C,1,2026-10-01
202610W2,48300,P,1,2026-10-01
202610W2,48350,C,1,2026-10-01
202610W2,48350,P,1,2026-10-01
202610W2,48400,C,2,2026-10-01
202610W2,48400,P,2,2026-10-01
202610W2,48450,C,1,2026-10-01
202610W2,48450,P,1,2026-10-01
202610W2,48500,C,1,2026-10-01
202610W2,48500,P,3,2026-10-01
202610W2,48550,C,2,2026-10-01
202610W2,48550,P,3,2026-10-01
202610W2,48600,C,0,2026-10-01
202610W2,48600,P,0,2026-10-01
202610W2,48650,C,0,2026-10-01
202610W2,48650,P,0,2026-10-01
202610W2,48700,C,4,2026-10-01
202610W2,48700,P,0,2026-10-01
202610W2,48750,C,2,2026-10-01
202610W2,48750,P,2,2026-10-01
202610W2,48800,C,1,2026-10-01
202610W2,48800,P,0,2026-10-01
202610W2,48850,C,0,2026-10-01
202610W2,48850,P,0,2026-10-01
202610W2,48900,C,0,2026-10-01
202610W2,48900,P,0,2026-10-01
202610W2,48950,C,2,2026-10-01
202610W2,48950,P,0,2026-10-01
202610W2,49000,C,6,2026-10-01
202610W2,49000,P,0,2026-10-01
202610W2,49050,C,0,2026-10-01
202610W2,49050,P,0,2026-10-01
202610W2,49100,C,3,2026-10-01
202610W2,49100,P,0,2026-10-01
202610W2,49150,C,0,2026-10-01
202610W2,49150,P,0,2026-10-01
202610W2,49200,C,5,2026-10-01
202610W2,49200,P,0,2026-10-01
202610W2,49250,C,0,2026-10-01
202610W2,49250,P,0,2026-10-01
202610W2,49300,C,9,2026-10-01
202610W2,49300,P,0,2026-10-01
202610W2,49350,C,0,2026-10-01
202610W2,49350,P,0,2026-10-01
202610W2,49400,C,1,2026-10-01
202610W2,49400,P,0,2026-10-01
202610W2,49500,C,1,2026-10-01
202610W2,49500,P,0,2026-10-01
202610W2,49600,C,1,2026-10-01
202610W2,49600,P,0,2026-10-01
202610W2,49700,C,2,2026-10-01
202610W2,49700,P,0,2026-10-01
202610W2,49800,C,3,2026-10-01
202610W2,49800,P,0,2026-10-01
202610W2,49900,C,0,2026-10-01
202610W2,49900,P,0,2026-10-01
202610W2,50000,C,20,2026-10-01
202610W2,50000,P,0,2026-10-01
202610W2,50100,C,1,2026-10-01
202610W2,50100,P,0,2026-10-01
202610W2,50200,C,4,2026-10-01
202610W2,50200,P,0,2026-10-01
202610W2,50300,C,1,2026-10-01
202610W2,50300,P,0,2026-10-01
202610W2,50400,C,4,2026-10-01
202610W2,50400,P,0,2026-10-01
202610W2,50500,C,70,2026-10-01
202610W2,50500,P,0,2026-10-01
202610W2,50600,C,1,2026-10-01
202610W2,50600,P,0,2026-10-01
202610W2,50700,C,5,2026-10-01
202610W2,50700,P,0,2026-10-01
202610W2,50800,C,2,2026-10-01
202610W2,50800,P,0,2026-10-01
202610W2,50900,C,1,2026-10-01
202610W2,50900,P,0,2026-10-01
202610W2,51000,C,0,2026-10-01
202610W2,51000,P,0,2026-10-01
202610W2,51100,C,0,2026-10-01
202610W2,51100,P,0,2026-10-01
202610W2,51200,C,0,2026-10-01
202610W2,51200,P,0,2026-10-01
202610W2,51300,C,0,2026-10-01
202610W2,51300,P,0,2026-10-01
202610W2,51400,C,0,2026-10-01
202610W2,51400,P,0,2026-10-01
202610W2,51500,C,1,2026-10-01
202610W2,51500,P,0,2026-10-01
202610W2,51600,C,1,2026-10-01
202610W2,51600,P,0,2026-10-01
202610W2,51700,C,1,2026-10-01
202610W2,51700,P,0,2026-10-01
202610W2,51800,C,0,2026-10-01
202610W2,51800,P,0,2026-10-01
202610W2,51900,C,2,2026-10-01
202610W2,51900,P,0,2026-10-01
202610W2,52000,C,1,2026-10-01
202610W2,52000,P,0,2026-10-01
202610W2,52100,C,1,2026-10-01
202610W2,52100,P,0,2026-10-01
202610W2,52200,C,2,2026-10-01
202610W2,52200,P,0,2026-10-01
202610W2,52300,C,0,2026-10-01
202610W2,52300,P,0,2026-10-01
202610W2,52400,C,0,2026-10-01
202610W2,52400,P,0,2026-10-01
202610W2,52500,C,1,2026-10-01
202610W2,52500,P,0,2026-10-01
202610W2,52600,C,0,2026-10-01
202610W2,52600,P,0,2026-10-01
202610W2,52700,C,0,2026-10-01
202610W2,52700,P,0,2026-10-01
202610W2,52800,C,7,2026-10-01
202610W2,52800,P,0,2026-10-01
202610,33900,C,0,2026-10-01
202610,33900,P,375,2026-10-01
202610,34000,C,0,2026-10-01
202610,34000,P,133,2026-10-01
202610,34100,C,0,2026-10-01
202610,34100,P,12,2026-10-01
202610,34200,C,0,2026-10-01
202610,34200,P,119,2026-10-01
202610,34300,C,0,2026-10-01
202610,34300,P,6,2026-10-01
202610,34400,C,0,2026-10-01
202610,34400,P,2,2026-10-01
202610,34500,C,0,2026-10-01
202610,34500,P,11,2026-10-01
202610,34600,C,0,2026-10-01
202610,34600,P,9,2026-10-01
202610,34700,C,0,2026-10-01
202610,34700,P,0,2026-10-01
202610,34800,C,0,2026-10-01
202610,34800,P,42,2026-10-01
202610,34900,C,0,2026-10-01
202610,34900,P,15,2026-10-01
202610,35000,C,0,2026-10-01
202610,35000,P,165,2026-10-01
202610,35100,C,0,2026-10-01
202610,35100,P,13,2026-10-01
202610,35200,C,0,2026-10-01
202610,35200,P,10,2026-10-01
202610,35300,C,0,2026-10-01
202610,35300,P,14,2026-10-01
202610,35400,C,0,2026-10-01
202610,35400,P,4,2026-10-01
202610,35500,C,0,2026-10-01
202610,35500,P,32,2026-10-01
202610,35600,C,0,2026-10-01
202610,35600,P,10,2026-10-01
202610,35700,C,0,2026-10-01
202610,35700,P,6,2026-10-01
202610,35800,C,0,2026-10-01
202610,35800,P,6,2026-10-01
202610,35900,C,0,2026-10-01
202610,35900,P,8,2026-10-01
202610,36000,C,0,2026-10-01
202610,36000,P,131,2026-10-01
202610,36100,C,0,2026-10-01
202610,36100,P,7,2026-10-01
202610,36200,C,0,2026-10-01
202610,36200,P,52,2026-10-01
202610,36300,C,0,2026-10-01
202610,36300,P,13,2026-10-01
202610,36400,C,0,2026-10-01
202610,36400,P,63,2026-10-01
202610,36500,C,0,2026-10-01
202610,36500,P,31,2026-10-01
202610,36600,C,0,2026-10-01
202610,36600,P,20,2026-10-01
202610,36700,C,0,2026-10-01
202610,36700,P,2,2026-10-01
202610,36800,C,0,2026-10-01
202610,36800,P,5,2026-10-01
202610,36900,C,0,2026-10-01
202610,36900,P,20,2026-10-01
202610,37000,C,0,2026-10-01
202610,37000,P,216,2026-10-01
202610,37100,C,0,2026-10-01
202610,37100,P,18,2026-10-01
202610,37200,C,0,2026-10-01
202610,37200,P,4,2026-10-01
202610,37300,C,0,2026-10-01
202610,37300,P,3,2026-10-01
202610,37400,C,0,2026-10-01
202610,37400,P,7,2026-10-01
202610,37500,C,0,2026-10-01
202610,37500,P,80,2026-10-01
202610,37600,C,0,2026-10-01
202610,37600,P,14,2026-10-01
202610,37700,C,0,2026-10-01
202610,37700,P,59,2026-10-01
202610,37800,C,0,2026-10-01
202610,37800,P,7,2026-10-01
202610,37900,C,0,2026-10-01
202610,37900,P,59,2026-10-01
202610,38000,C,0,2026-10-01
202610,38000,P,257,2026-10-01
202610,38100,C,0,2026-10-01
202610,38100,P,67,2026-10-01
202610,38200,C,0,2026-10-01
202610,38200,P,6,2026-10-01
202610,38300,C,0,2026-10-01
202610,38300,P,4,2026-10-01
202610,38400,C,0,2026-10-01
202610,38400,P,10,2026-10-01
202610,38500,C,0,2026-10-01
202610,38500,P,150,2026-10-01
202610,38600,C,0,2026-10-01
202610,38600,P,28,2026-10-01
202610,38700,C,0,2026-10-01
202610,38700,P,29,2026-10-01
202610,38800,C,0,2026-10-01
202610,38800,P,59,2026-10-01
202610,38900,C,1,2026-10-01
202610,38900,P,425,2026-10-01
202610,39000,C,1,2026-10-01
202610,39000,P,694,2026-10-01
202610,39100,C,1,2026-10-01
202610,39100,P,8,2026-10-01
202610,39200,C,0,2026-10-01
202610,39200,P,20,2026-10-01
202610,39300,C,0,2026-10-01
202610,39300,P,24,2026-10-01
202610,39400,C,0,2026-10-01
202610,39400,P,9,2026-10-01
202610,39500,C,1,2026-10-01
202610,39500,P,265,2026-10-01
202610,39600,C,0,2026-10-01
202610,39600,P,34,2026-10-01
202610,39700,C,0,2026-10-01
202610,39700,P,42,2026-10-01
202610,39800,C,0,2026-10-01
202610,39800,P,57,2026-10-01
202610,39900,C,4,2026-10-01
202610,39900,P,57,2026-10-01
202610,40000,C,1,2026-10-01
202610,40000,P,1170,2026-10-01
202610,40100,C,0,2026-10-01
202610,40100,P,52,2026-10-01
202610,40200,C,0,2026-10-01
202610,40200,P,91,2026-10-01
202610,40300,C,0,2026-10-01
202610,40300,P,33,2026-10-01
202610,40400,C,0,2026-10-01
202610,40400,P,25,2026-10-01
202610,40500,C,0,2026-10-01
202610,40500,P,74,2026-10-01
202610,40600,C,0,2026-10-01
202610,40600,P,36,2026-10-01
202610,40700,C,0,2026-10-01
202610,40700,P,28,2026-10-01
202610,40800,C,1,2026-10-01
202610,40800,P,32,2026-10-01
202610,40900,C,0,2026-10-01
202610,40900,P,41,2026-10-01
202610,41000,C,0,2026-10-01
202610,41000,P,439,2026-10-01
202610,41100,C,0,2026-10-01
202610,41100,P,30,2026-10-01
202610,41200,C,0,2026-10-01
202610,41200,P,33,2026-10-01
202610,41300,C,5,2026-10-01
202610,41300,P,25,2026-10-01
202610,41400,C,0,2026-10-01
202610,41400,P,22,2026-10-01
202610,41500,C,0,2026-10-01
202610,41500,P,190,2026-10-01
202610,41600,C,6,2026-10-01
202610,41600,P,37,2026-10-01
202610,41700,C,2,2026-10-01
202610,41700,P,18,2026-10-01
202610,41800,C,4,2026-10-01
202610,41800,P,23,2026-10-01
202610,41900,C,0,2026-10-01
202610,41900,P,14,2026-10-01
202610,42000,C,1,2026-10-01
202610,42000,P,563,2026-10-01
202610,42100,C,0,2026-10-01
202610,42100,P,43,2026-10-01
202610,42200,C,2,2026-10-01
202610,42200,P,54,2026-10-01
202610,42300,C,0,2026-10-01
202610,42300,P,30,2026-10-01
202610,42400,C,3,2026-10-01
202610,42400,P,35,2026-10-01
202610,42500,C,0,2026-10-01
202610,42500,P,195,2026-10-01
202610,42600,C,1,2026-10-01
202610,42600,P,30,2026-10-01
202610,42700,C,1,2026-10-01
202610,42700,P,27,2026-10-01
202610,42800,C,5,2026-10-01
202610,42800,P,175,2026-10-01
202610,42900,C,5,2026-10-01
202610,42900,P,92,2026-10-01
202610,43000,C,3,2026-10-01
202610,43000,P,943,2026-10-01
202610,43100,C,0,2026-10-01
202610,43100,P,37,2026-10-01
202610,43200,C,0,2026-10-01
202610,43200,P,71,2026-10-01
202610,43300,C,0,2026-10-01
202610,43300,P,88,2026-10-01
202610,43400,C,0,2026-10-01
202610,43400,P,99,2026-10-01
202610,43500,C,210,2026-10-01
202610,43500,P,282,2026-10-01
202610,43600,C,70,2026-10-01
202610,43600,P,105,2026-10-01
202610,43700,C,35,2026-10-01
202610,43700,P,74,2026-10-01
202610,43800,C,225,2026-10-01
202610,43800,P,80,2026-10-01
202610,43900,C,70,2026-10-01
202610,43900,P,89,2026-10-01
202610,44000,C,226,2026-10-01
202610,44000,P,844,2026-10-01
202610,44100,C,55,2026-10-01
202610,44100,P,110,2026-10-01
202610,44200,C,5,2026-10-01
202610,44200,P,101,2026-10-01
202610,44300,C,1,2026-10-01
202610,44300,P,50,2026-10-01
202610,44400,C,20,2026-10-01
202610,44400,P,173,2026-10-01
202610,44500,C,71,2026-10-01
202610,44500,P,620,2026-10-01
202610,44600,C,165,2026-10-01
202610,44600,P,240,2026-10-01
202610,44700,C,74,2026-10-01
202610,44700,P,59,2026-10-01
202610,44800,C,340,2026-10-01
202610,44800,P,196,2026-10-01
202610,44900,C,204,2026-10-01
202610,44900,P,224,2026-10-01
202610,45000,C,566,2026-10-01
202610,45000,P,999,2026-10-01
202610,45100,C,1,2026-10-01
202610,45100,P,77,2026-10-01
202610,45200,C,1,2026-10-01
202610,45200,P,97,2026-10-01
202610,45300,C,8,2026-10-01
202610,45300,P,71,2026-10-01
202610,45400,C,2,2026-10-01
202610,45400,P,64,2026-10-01
202610,45500,C,64,2026-10-01
202610,45500,P,238,2026-10-01
202610,45600,C,48,2026-10-01
202610,45600,P,121,2026-10-01
202610,45700,C,67,2026-10-01
202610,45700,P,432,2026-10-01
202610,45800,C,64,2026-10-01
202610,45800,P,119,2026-10-01
202610,45900,C,16,2026-10-01
202610,45900,P,81,2026-10-01
202610,46000,C,127,2026-10-01
202610,46000,P,654,2026-10-01
202610,46100,C,76,2026-10-01
202610,46100,P,88,2026-10-01
202610,46200,C,31,2026-10-01
202610,46200,P,116,2026-10-01
202610,46300,C,41,2026-10-01
202610,46300,P,96,2026-10-01
202610,46400,C,349,2026-10-01
202610,46400,P,40,2026-10-01
202610,46500,C,112,2026-10-01
202610,46500,P,555,2026-10-01
202610,46600,C,196,2026-10-01
202610,46600,P,123,2026-10-01
202610,46700,C,92,2026-10-01
202610,46700,P,68,2026-10-01
202610,46800,C,117,2026-10-01
202610,46800,P,124,2026-10-01
202610,46900,C,110,2026-10-01
202610,46900,P,62,2026-10-01
202610,47000,C,895,2026-10-01
202610,47000,P,429,2026-10-01
202610,47100,C,382,2026-10-01
202610,47100,P,51,2026-10-01
202610,47200,C,438,2026-10-01
202610,47200,P,85,2026-10-01
202610,47300,C,65,2026-10-01
202610,47300,P,91,2026-10-01
202610,47400,C,60,2026-10-01
202610,47400,P,74,2026-10-01
202610,47500,C,209,2026-10-01
202610,47500,P,482,2026-10-01
202610,47600,C,45,2026-10-01
202610,47600,P,69,2026-10-01
202610,47700,C,69,2026-10-01
202610,47700,P,71,2026-10-01
202610,47800,C,83,2026-10-01
202610,47800,P,91,2026-10-01
202610,47900,C,24,2026-10-01
202610,47900,P,90,2026-10-01
202610,48000,C,830,2026-10-01
202610,48000,P,572,2026-10-01
202610,48100,C,125,2026-10-01
202610,48100,P,78,2026-10-01
202610,48200,C,222,2026-10-01
202610,48200,P,112,2026-10-01
202610,48300,C,224,2026-10-01
202610,48300,P,83,2026-10-01
202610,48400,C,215,2026-10-01
202610,48400,P,44,2026-10-01
202610,48500,C,346,2026-10-01
202610,48500,P,171,2026-10-01
202610,48600,C,215,2026-10-01
202610,48600,P,83,2026-10-01
202610,48700,C,236,2026-10-01
202610,48700,P,29,2026-10-01
202610,48800,C,136,2026-10-01
202610,48800,P,14,2026-10-01
202610,48900,C,116,2026-10-01
202610,48900,P,7,2026-10-01
202610,49000,C,636,2026-10-01
202610,49000,P,63,2026-10-01
202610,49100,C,795,2026-10-01
202610,49100,P,4,2026-10-01
202610,49200,C,221,2026-10-01
202610,49200,P,9,2026-10-01
202610,49300,C,96,2026-10-01
202610,49300,P,2,2026-10-01
202610,49400,C,87,2026-10-01
202610,49400,P,2,2026-10-01
202610,49500,C,644,2026-10-01
202610,49500,P,2,2026-10-01
202610,49600,C,113,2026-10-01
202610,49600,P,2,2026-10-01
202610,49700,C,87,2026-10-01
202610,49700,P,1,2026-10-01
202610,49800,C,109,2026-10-01
202610,49800,P,4,2026-10-01
202610,49900,C,74,2026-10-01
202610,49900,P,3,2026-10-01
202610,50000,C,1237,2026-10-01
202610,50000,P,30,2026-10-01
202610,50100,C,102,2026-10-01
202610,50100,P,1,2026-10-01
202610,50200,C,113,2026-10-01
202610,50200,P,2,2026-10-01
202610,50300,C,62,2026-10-01
202610,50300,P,0,2026-10-01
202610,50400,C,48,2026-10-01
202610,50400,P,1,2026-10-01
202610,50500,C,311,2026-10-01
202610,50500,P,0,2026-10-01
202610,50600,C,95,2026-10-01
202610,50600,P,1,2026-10-01
202610,50700,C,50,2026-10-01
202610,50700,P,1,2026-10-01
202610,50800,C,362,2026-10-01
202610,50800,P,5,2026-10-01
202610,50900,C,56,2026-10-01
202610,50900,P,0,2026-10-01
202610,51000,C,834,2026-10-01
202610,51000,P,5,2026-10-01
202610,51100,C,23,2026-10-01
202610,51100,P,0,2026-10-01
202610,51200,C,71,2026-10-01
202610,51200,P,1,2026-10-01
202610,51300,C,59,2026-10-01
202610,51300,P,1,2026-10-01
202610,51400,C,26,2026-10-01
202610,51400,P,0,2026-10-01
202610,51500,C,562,2026-10-01
202610,51500,P,0,2026-10-01
202610,51600,C,77,2026-10-01
202610,51600,P,0,2026-10-01
202610,51700,C,33,2026-10-01
202610,51700,P,1,2026-10-01
202610,51800,C,63,2026-10-01
202610,51800,P,4,2026-10-01
202610,51900,C,40,2026-10-01
202610,51900,P,0,2026-10-01
202610,52000,C,1100,2026-10-01
202610,52000,P,0,2026-10-01
202610,52100,C,29,2026-10-01
202610,52100,P,0,2026-10-01
202610,52200,C,66,2026-10-01
202610,52200,P,1,2026-10-01
202610,52300,C,13,2026-10-01
202610,52300,P,0,2026-10-01
202610,52400,C,86,2026-10-01
202610,52400,P,0,2026-10-01
202610,52500,C,333,2026-10-01
202610,52500,P,0,2026-10-01
202610,52600,C,56,2026-10-01
202610,52600,P,0,2026-10-01
202610,52700,C,48,2026-10-01
202610,52700,P,0,2026-10-01
202610,52800,C,36,2026-10-01
202610,52800,P,0,2026-10-01
202610,52900,C,6,2026-10-01
202610,52900,P,0,2026-10-01
202610,53000,C,435,2026-10-01
202610,53000,P,0,2026-10-01
202610,53100,C,31,2026-10-01
202610,53100,P,0,2026-10-01
202610,53200,C,26,2026-10-01
202610,53200,P,0,2026-10-01
202610,53300,C,48,2026-10-01
202610,53300,P,0,2026-10-01
202610,53400,C,11,2026-10-01
202610,53400,P,0,2026-10-01
202610,53500,C,68,2026-10-01
202610,53500,P,0,2026-10-01
202610,53600,C,15,2026-10-01
202610,53600,P,0,2026-10-01
202610,53700,C,22,2026-10-01
202610,53700,P,0,2026-10-01
202610,53800,C,419,2026-10-01
202610,53800,P,0,2026-10-01
202610,53900,C,264,2026-10-01
202610,53900,P,0,2026-10-01
202610,54000,C,212,2026-10-01
202610,54000,P,0,2026-10-01
202610,54100,C,413,2026-10-01
202610,54100,P,0,2026-10-01
202610,54200,C,407,2026-10-01
202610,54200,P,0,2026-10-01
202610,54300,C,413,2026-10-01
202610,54300,P,0,2026-10-01
202610,54400,C,437,2026-10-01
202610,54400,P,0,2026-10-01
202610,54500,C,579,2026-10-01
202610,54500,P,0,2026-10-01
202610,54600,C,9,2026-10-01
202610,54600,P,0,2026-10-01
202610,54700,C,7,2026-10-01
202610,54700,P,0,2026-10-01
202610,54800,C,0,2026-10-01
202610,54800,P,0,2026-10-01
202610,54900,C,19,2026-10-01
202610,54900,P,0,2026-10-01
202610,55000,C,21,2026-10-01
202610,55000,P,0,2026-10-01
202610,55100,C,2,2026-10-01
202610,55100,P,0,2026-10-01
202610,55200,C,1,2026-10-01
202610,55200,P,0,2026-10-01
202610,55300,C,2,2026-10-01
202610,55300,P,0,2026-10-01
202610,55400,C,112,2026-10-01
202610,55400,P,0,2026-10-01
202611,38000,C,0,2026-10-01
202611,38000,P,124,2026-10-01
202611,38100,C,0,2026-10-01
202611,38100,P,6,2026-10-01
202611,38200,C,0,2026-10-01
202611,38200,P,1,2026-10-01
202611,38300,C,0,2026-10-01
202611,38300,P,5,2026-10-01
202611,38400,C,0,2026-10-01
202611,38400,P,3,2026-10-01
202611,38500,C,0,2026-10-01
202611,38500,P,28,2026-10-01
202611,38600,C,0,2026-10-01
202611,38600,P,10,2026-10-01
202611,38700,C,0,2026-10-01
202611,38700,P,7,2026-10-01
202611,38800,C,0,2026-10-01
202611,38800,P,1,2026-10-01
202611,38900,C,0,2026-10-01
202611,38900,P,13,2026-10-01
202611,39000,C,0,2026-10-01
202611,39000,P,82,2026-10-01
202611,39100,C,0,2026-10-01
202611,39100,P,5,2026-10-01
202611,39200,C,0,2026-10-01
202611,39200,P,3,2026-10-01
202611,39300,C,0,2026-10-01
202611,39300,P,6,2026-10-01
202611,39400,C,0,2026-10-01
202611,39400,P,20,2026-10-01
202611,39500,C,0,2026-10-01
202611,39500,P,53,2026-10-01
202611,39600,C,0,2026-10-01
202611,39600,P,1,2026-10-01
202611,39700,C,0,2026-10-01
202611,39700,P,3,2026-10-01
202611,39800,C,0,2026-10-01
202611,39800,P,6,2026-10-01
202611,39900,C,0,2026-10-01
202611,39900,P,7,2026-10-01
202611,40000,C,0,2026-10-01
202611,40000,P,412,2026-10-01
202611,40100,C,0,2026-10-01
202611,40100,P,7,2026-10-01
202611,40200,C,0,2026-10-01
202611,40200,P,14,2026-10-01
202611,40300,C,0,2026-10-01
202611,40300,P,6,2026-10-01
202611,40400,C,0,2026-10-01
202611,40400,P,11,2026-10-01
202611,40500,C,0,2026-10-01
202611,40500,P,28,2026-10-01
202611,40600,C,0,2026-10-01
202611,40600,P,3,2026-10-01
202611,40700,C,0,2026-10-01
202611,40700,P,6,2026-10-01
202611,40800,C,0,2026-10-01
202611,40800,P,5,2026-10-01
202611,40900,C,0,2026-10-01
202611,40900,P,7,2026-10-01
202611,41000,C,0,2026-10-01
202611,41000,P,43,2026-10-01
202611,41100,C,0,2026-10-01
202611,41100,P,10,2026-10-01
202611,41200,C,0,2026-10-01
202611,41200,P,5,2026-10-01
202611,41300,C,0,2026-10-01
202611,41300,P,5,2026-10-01
202611,41400,C,0,2026-10-01
202611,41400,P,6,2026-10-01
202611,41500,C,0,2026-10-01
202611,41500,P,20,2026-10-01
202611,41600,C,0,2026-10-01
202611,41600,P,10,2026-10-01
202611,41700,C,0,2026-10-01
202611,41700,P,5,2026-10-01
202611,41800,C,0,2026-10-01
202611,41800,P,8,2026-10-01
202611,41900,C,0,2026-10-01
202611,41900,P,8,2026-10-01
202611,42000,C,0,2026-10-01
202611,42000,P,65,2026-10-01
202611,42100,C,0,2026-10-01
202611,42100,P,15,2026-10-01
202611,42200,C,0,2026-10-01
202611,42200,P,10,2026-10-01
202611,42300,C,0,2026-10-01
202611,42300,P,10,2026-10-01
202611,42400,C,0,2026-10-01
202611,42400,P,5,2026-10-01
202611,42500,C,0,2026-10-01
202611,42500,P,36,2026-10-01
202611,42600,C,0,2026-10-01
202611,42600,P,23,2026-10-01
202611,42700,C,0,2026-10-01
202611,42700,P,1,2026-10-01
202611,42800,C,0,2026-10-01
202611,42800,P,3,2026-10-01
202611,42900,C,0,2026-10-01
202611,42900,P,4,2026-10-01
202611,43000,C,1,2026-10-01
202611,43000,P,130,2026-10-01
202611,43100,C,0,2026-10-01
202611,43100,P,10,2026-10-01
202611,43200,C,1,2026-10-01
202611,43200,P,12,2026-10-01
202611,43300,C,0,2026-10-01
202611,43300,P,15,2026-10-01
202611,43400,C,0,2026-10-01
202611,43400,P,10,2026-10-01
202611,43500,C,0,2026-10-01
202611,43500,P,16,2026-10-01
202611,43600,C,0,2026-10-01
202611,43600,P,1,2026-10-01
202611,43700,C,0,2026-10-01
202611,43700,P,5,2026-10-01
202611,43800,C,1,2026-10-01
202611,43800,P,5,2026-10-01
202611,43900,C,0,2026-10-01
202611,43900,P,6,2026-10-01
202611,44000,C,1,2026-10-01
202611,44000,P,67,2026-10-01
202611,44100,C,0,2026-10-01
202611,44100,P,1,2026-10-01
202611,44200,C,0,2026-10-01
202611,44200,P,1,2026-10-01
202611,44300,C,0,2026-10-01
202611,44300,P,41,2026-10-01
202611,44400,C,1,2026-10-01
202611,44400,P,8,2026-10-01
202611,44500,C,0,2026-10-01
202611,44500,P,80,2026-10-01
202611,44600,C,0,2026-10-01
202611,44600,P,24,2026-10-01
202611,44700,C,0,2026-10-01
202611,44700,P,25,2026-10-01
202611,44800,C,0,2026-10-01
202611,44800,P,5,2026-10-01
202611,44900,C,0,2026-10-01
202611,44900,P,4,2026-10-01
202611,45000,C,6,2026-10-01
202611,45000,P,183,2026-10-01
202611,45100,C,0,2026-10-01
202611,45100,P,5,2026-10-01
202611,45200,C,0,2026-10-01
202611,45200,P,0,2026-10-01
202611,45300,C,0,2026-10-01
202611,45300,P,41,2026-10-01
202611,45400,C,0,2026-10-01
202611,45400,P,10,2026-10-01
202611,45500,C,1,2026-10-01
202611,45500,P,57,2026-10-01
202611,45600,C,1,2026-10-01
202611,45600,P,11,2026-10-01
202611,45700,C,0,2026-10-01
202611,45700,P,20,2026-10-01
202611,45800,C,0,2026-10-01
202611,45800,P,22,2026-10-01
202611,45900,C,0,2026-10-01
202611,45900,P,23,2026-10-01
202611,46000,C,6,2026-10-01
202611,46000,P,52,2026-10-01
202611,46100,C,1,2026-10-01
202611,46100,P,1,2026-10-01
202611,46200,C,2,2026-10-01
202611,46200,P,2,2026-10-01
202611,46300,C,1,2026-10-01
202611,46300,P,2,2026-10-01
202611,46400,C,1,2026-10-01
202611,46400,P,5,2026-10-01
202611,46500,C,4,2026-10-01
202611,46500,P,14,2026-10-01
202611,46600,C,0,2026-10-01
202611,46600,P,11,2026-10-01
202611,46700,C,5,2026-10-01
202611,46700,P,6,2026-10-01
202611,46800,C,2,2026-10-01
202611,46800,P,4,2026-10-01
202611,46900,C,6,2026-10-01
202611,46900,P,6,2026-10-01
202611,47000,C,18,2026-10-01
202611,47000,P,135,2026-10-01
202611,47100,C,1,2026-10-01
202611,47100,P,7,2026-10-01
202611,47200,C,3,2026-10-01
202611,47200,P,6,2026-10-01
202611,47300,C,1,2026-10-01
202611,47300,P,7,2026-10-01
202611,47400,C,1,2026-10-01
202611,47400,P,7,2026-10-01
202611,47500,C,43,2026-10-01
202611,47500,P,20,2026-10-01
202611,47600,C,3,2026-10-01
202611,47600,P,0,2026-10-01
202611,47700,C,6,2026-10-01
202611,47700,P,9,2026-10-01
202611,47800,C,7,2026-10-01
202611,47800,P,6,2026-10-01
202611,47900,C,17,2026-10-01
202611,47900,P,15,2026-10-01
202611,48000,C,50,2026-10-01
202611,48000,P,11,2026-10-01
202611,48100,C,9,2026-10-01
202611,48100,P,6,2026-10-01
202611,48200,C,25,2026-10-01
202611,48200,P,18,2026-10-01
202611,48300,C,13,2026-10-01
202611,48300,P,0,2026-10-01
202611,48400,C,6,2026-10-01
202611,48400,P,1,2026-10-01
202611,48500,C,11,2026-10-01
202611,48500,P,7,2026-10-01
202611,48600,C,37,2026-10-01
202611,48600,P,5,2026-10-01
202611,48700,C,5,2026-10-01
202611,48700,P,1,2026-10-01
202611,48800,C,10,2026-10-01
202611,48800,P,1,2026-10-01
202611,48900,C,8,2026-10-01
202611,48900,P,0,2026-10-01
202611,49000,C,70,2026-10-01
202611,49000,P,4,2026-10-01
202611,49100,C,4,2026-10-01
202611,49100,P,0,2026-10-01
202611,49200,C,6,2026-10-01
202611,49200,P,0,2026-10-01
202611,49300,C,6,2026-10-01
202611,49300,P,1,2026-10-01
202611,49400,C,2,2026-10-01
202611,49400,P,0,2026-10-01
202611,49500,C,10,2026-10-01
202611,49500,P,0,2026-10-01
202611,49600,C,32,2026-10-01
202611,49600,P,0,2026-10-01
202611,49700,C,6,2026-10-01
202611,49700,P,0,2026-10-01
202611,49800,C,5,2026-10-01
202611,49800,P,0,2026-10-01
202611,49900,C,32,2026-10-01
202611,49900,P,0,2026-10-01
202611,50000,C,259,2026-10-01
202611,50000,P,0,2026-10-01
202611,50100,C,9,2026-10-01
202611,50100,P,0,2026-10-01
202611,50200,C,6,2026-10-01
202611,50200,P,0,2026-10-01
202611,50300,C,28,2026-10-01
202611,50300,P,0,2026-10-01
202611,50400,C,22,2026-10-01
202611,50400,P,0,2026-10-01
202611,50500,C,20,2026-10-01
202611,50500,P,0,2026-10-01
202611,50600,C,12,2026-10-01
202611,50600,P,0,2026-10-01
202611,50700,C,6,2026-10-01
202611,50700,P,0,2026-10-01
202611,50800,C,24,2026-10-01
202611,50800,P,0,2026-10-01
202611,50900,C,26,2026-10-01
202611,50900,P,0,2026-10-01
202611,51000,C,69,2026-10-01
202611,51000,P,0,2026-10-01
202611,51100,C,65,2026-10-01
202611,51100,P,0,2026-10-01
202611,51200,C,5,2026-10-01
202611,51200,P,0,2026-10-01
202611,51300,C,5,2026-10-01
202611,51300,P,0,2026-10-01
202611,51400,C,11,2026-10-01
202611,51400,P,0,2026-10-01
202611,51500,C,30,2026-10-01
202611,51500,P,0,2026-10-01
202611,51600,C,7,2026-10-01
202611,51600,P,0,2026-10-01
202611,51700,C,10,2026-10-01
202611,51700,P,0,2026-10-01
202611,51800,C,7,2026-10-01
202611,51800,P,0,2026-10-01
202611,51900,C,10,2026-10-01
202611,51900,P,0,2026-10-01
202611,52000,C,47,2026-10-01
202611,52000,P,0,2026-10-01
202611,52100,C,15,2026-10-01
202611,52100,P,0,2026-10-01
202611,52200,C,26,2026-10-01
202611,52200,P,0,2026-10-01
202611,52300,C,11,2026-10-01
202611,52300,P,0,2026-10-01
202611,52400,C,11,2026-10-01
202611,52400,P,0,2026-10-01
202611,52500,C,18,2026-10-01
202611,52500,P,0,2026-10-01
202611,52600,C,2,2026-10-01
202611,52600,P,0,2026-10-01
202611,52700,C,1,2026-10-01
202611,52700,P,0,2026-10-01
202611,52800,C,7,2026-10-01
202611,52800,P,0,2026-10-01
202611,52900,C,4,2026-10-01
202611,52900,P,0,2026-10-01
202611,53000,C,54,2026-10-01
202611,53000,P,0,2026-10-01
202611,53100,C,1,2026-10-01
202611,53100,P,0,2026-10-01
202611,53200,C,3,2026-10-01
202611,53200,P,0,2026-10-01
202611,53300,C,4,2026-10-01
202611,53300,P,0,2026-10-01
202611,53400,C,4,2026-10-01
202611,53400,P,0,2026-10-01
202611,53500,C,18,2026-10-01
202611,53500,P,0,2026-10-01
202611,53600,C,2,2026-10-01
202611,53600,P,0,2026-10-01
202611,53700,C,5,2026-10-01
202611,53700,P,0,2026-10-01
202611,53800,C,1,2026-10-01
202611,53800,P,0,2026-10-01
202611,53900,C,1,2026-10-01
202611,53900,P,0,2026-10-01
202611,54000,C,137,2026-10-01
202611,54000,P,0,2026-10-01
202611,54100,C,0,2026-10-01
202611,54100,P,0,2026-10-01
202611,54200,C,1,2026-10-01
202611,54200,P,0,2026-10-01
202611,54300,C,4,2026-10-01
202611,54300,P,0,2026-10-01
202611,54400,C,0,2026-10-01
202611,54400,P,0,2026-10-01
202611,54500,C,32,2026-10-01
202611,54500,P,0,2026-10-01
202611,54600,C,0,2026-10-01
202611,54600,P,0,2026-10-01
202611,54700,C,0,2026-10-01
202611,54700,P,0,2026-10-01
202611,54800,C,3,2026-10-01
202611,54800,P,0,2026-10-01
202611,54900,C,12,2026-10-01
202611,54900,P,0,2026-10-01
202611,55000,C,66,2026-10-01
202611,55000,P,0,2026-10-01
202611,55100,C,4,2026-10-01
202611,55100,P,0,2026-10-01
202611,55200,C,3,2026-10-01
202611,55200,P,0,2026-10-01
202611,55300,C,5,2026-10-01
202611,55300,P,0,2026-10-01
202611,55400,C,46,2026-10-01
202611,55400,P,0,2026-10-01
202612,25200,C,5,2026-10-01
202612,25200,P,211,2026-10-01
202612,25400,C,0,2026-10-01
202612,25400,P,6,2026-10-01
202612,25600,C,0,2026-10-01
202612,25600,P,15,2026-10-01
202612,25800,C,0,2026-10-01
202612,25800,P,10,2026-10-01
202612,26000,C,1,2026-10-01
202612,26000,P,54,2026-10-01
202612,26200,C,0,2026-10-01
202612,26200,P,7,2026-10-01
202612,26400,C,0,2026-10-01
202612,26400,P,13,2026-10-01
202612,26600,C,0,2026-10-01
202612,26600,P,1,2026-10-01
202612,26800,C,119,2026-10-01
202612,26800,P,42,2026-10-01
202612,27000,C,1,2026-10-01
202612,27000,P,7,2026-10-01
202612,27200,C,0,2026-10-01
202612,27200,P,1,2026-10-01
202612,27400,C,0,2026-10-01
202612,27400,P,16,2026-10-01
202612,27600,C,0,2026-10-01
202612,27600,P,2,2026-10-01
202612,27800,C,0,2026-10-01
202612,27800,P,12,2026-10-01
202612,28000,C,0,2026-10-01
202612,28000,P,44,2026-10-01
202612,28200,C,0,2026-10-01
202612,28200,P,8,2026-10-01
202612,28400,C,0,2026-10-01
202612,28400,P,3,2026-10-01
202612,28600,C,0,2026-10-01
202612,28600,P,7,2026-10-01
202612,28800,C,0,2026-10-01
202612,28800,P,6,2026-10-01
202612,29000,C,0,2026-10-01
202612,29000,P,3,2026-10-01
202612,29200,C,0,2026-10-01
202612,29200,P,3,2026-10-01
202612,29400,C,0,2026-10-01
202612,29400,P,5,2026-10-01
202612,29600,C,0,2026-10-01
202612,29600,P,1,2026-10-01
202612,29800,C,0,2026-10-01
202612,29800,P,6,2026-10-01
202612,30000,C,0,2026-10-01
202612,30000,P,78,2026-10-01
202612,30200,C,0,2026-10-01
202612,30200,P,2,2026-10-01
202612,30400,C,0,2026-10-01
202612,30400,P,3,2026-10-01
202612,30600,C,0,2026-10-01
202612,30600,P,2,2026-10-01
202612,30800,C,1,2026-10-01
202612,30800,P,10,2026-10-01
202612,31000,C,0,2026-10-01
202612,31000,P,25,2026-10-01
202612,31200,C,0,2026-10-01
202612,31200,P,4,2026-10-01
202612,31400,C,0,2026-10-01
202612,31400,P,3,2026-10-01
202612,31600,C,0,2026-10-01
202612,31600,P,2,2026-10-01
202612,31800,C,0,2026-10-01
202612,31800,P,1,2026-10-01
202612,32000,C,0,2026-10-01
202612,32000,P,14,2026-10-01
202612,32200,C,0,2026-10-01
202612,32200,P,2,2026-10-01
202612,32400,C,0,2026-10-01
202612,32400,P,3,2026-10-01
202612,32600,C,0,2026-10-01
202612,32600,P,11,2026-10-01
202612,32800,C,0,2026-10-01
202612,32800,P,8,2026-10-01
202612,33000,C,0,2026-10-01
202612,33000,P,17,2026-10-01
202612,33200,C,0,2026-10-01
202612,33200,P,1,2026-10-01
202612,33400,C,0,2026-10-01
202612,33400,P,9,2026-10-01
202612,33600,C,0,2026-10-01
202612,33600,P,6,2026-10-01
202612,33800,C,0,2026-10-01
202612,33800,P,0,2026-10-01
202612,34000,C,0,2026-10-01
202612,34000,P,20,2026-10-01
202612,34200,C,0,2026-10-01
202612,34200,P,1,2026-10-01
202612,34400,C,0,2026-10-01
202612,34400,P,0,2026-10-01
202612,34600,C,0,2026-10-01
202612,34600,P,7,2026-10-01
202612,34800,C,0,2026-10-01
202612,34800,P,1,2026-10-01
202612,35000,C,0,2026-10-01
202612,35000,P,91,2026-10-01
202612,35200,C,0,2026-10-01
202612,35200,P,2,2026-10-01
202612,35400,C,0,2026-10-01
202612,35400,P,0,2026-10-01
202612,35600,C,0,2026-10-01
202612,35600,P,1,2026-10-01
202612,35800,C,1,2026-10-01
202612,35800,P,1,2026-10-01
202612,36000,C,0,2026-10-01
202612,36000,P,70,2026-10-01
202612,36200,C,0,2026-10-01
202612,36200,P,0,2026-10-01
202612,36400,C,0,2026-10-01
202612,36400,P,1,2026-10-01
202612,36600,C,0,2026-10-01
202612,36600,P,5,2026-10-01
202612,36800,C,0,2026-10-01
202612,36800,P,48,2026-10-01
202612,37000,C,4,2026-10-01
202612,37000,P,101,2026-10-01
202612,37200,C,0,2026-10-01
202612,37200,P,10,2026-10-01
202612,37400,C,0,2026-10-01
202612,37400,P,11,2026-10-01
202612,37600,C,2,2026-10-01
202612,37600,P,7,2026-10-01
202612,37800,C,0,2026-10-01
202612,37800,P,15,2026-10-01
202612,38000,C,18,2026-10-01
202612,38000,P,145,2026-10-01
202612,38200,C,0,2026-10-01
202612,38200,P,7,2026-10-01
202612,38400,C,0,2026-10-01
202612,38400,P,4,2026-10-01
202612,38600,C,3,2026-10-01
202612,38600,P,11,2026-10-01
202612,38800,C,0,2026-10-01
202612,38800,P,2,2026-10-01
202612,38900,C,0,2026-10-01
202612,38900,P,0,2026-10-01
202612,39000,C,4,2026-10-01
202612,39000,P,75,2026-10-01
202612,39100,C,0,2026-10-01
202612,39100,P,1,2026-10-01
202612,39200,C,0,2026-10-01
202612,39200,P,1,2026-10-01
202612,39300,C,0,2026-10-01
202612,39300,P,0,2026-10-01
202612,39400,C,0,2026-10-01
202612,39400,P,1,2026-10-01
202612,39500,C,0,2026-10-01
202612,39500,P,1,2026-10-01
202612,39600,C,0,2026-10-01
202612,39600,P,3,2026-10-01
202612,39700,C,0,2026-10-01
202612,39700,P,0,2026-10-01
202612,39800,C,0,2026-10-01
202612,39800,P,7,2026-10-01
202612,39900,C,0,2026-10-01
202612,39900,P,2,2026-10-01
202612,40000,C,12,2026-10-01
202612,40000,P,92,2026-10-01
202612,40100,C,0,2026-10-01
202612,40100,P,5,2026-10-01
202612,40200,C,0,2026-10-01
202612,40200,P,1,2026-10-01
202612,40300,C,0,2026-10-01
202612,40300,P,0,2026-10-01
202612,40400,C,1,2026-10-01
202612,40400,P,3,2026-10-01
202612,40500,C,0,2026-10-01
202612,40500,P,1,2026-10-01
202612,40600,C,0,2026-10-01
202612,40600,P,1,2026-10-01
202612,40700,C,0,2026-10-01
202612,40700,P,1,2026-10-01
202612,40800,C,16,2026-10-01
202612,40800,P,300,2026-10-01
202612,40900,C,0,2026-10-01
202612,40900,P,3,2026-10-01
202612,41000,C,5,2026-10-01
202612,41000,P,16,2026-10-01
202612,41100,C,0,2026-10-01
202612,41100,P,0,2026-10-01
202612,41200,C,0,2026-10-01
202612,41200,P,31,2026-10-01
202612,41300,C,0,2026-10-01
202612,41300,P,0,2026-10-01
202612,41400,C,30,2026-10-01
202612,41400,P,20,2026-10-01
202612,41500,C,0,2026-10-01
202612,41500,P,0,2026-10-01
202612,41600,C,11,2026-10-01
202612,41600,P,12,2026-10-01
202612,41700,C,0,2026-10-01
202612,41700,P,2,2026-10-01
202612,41800,C,15,2026-10-01
202612,41800,P,11,2026-10-01
202612,41900,C,0,2026-10-01
202612,41900,P,1,2026-10-01
202612,42000,C,71,2026-10-01
202612,42000,P,99,2026-10-01
202612,42100,C,0,2026-10-01
202612,42100,P,0,2026-10-01
202612,42200,C,2,2026-10-01
202612,42200,P,19,2026-10-01
202612,42300,C,0,2026-10-01
202612,42300,P,0,2026-10-01
202612,42400,C,0,2026-10-01
202612,42400,P,1,2026-10-01
202612,42500,C,0,2026-10-01
202612,42500,P,0,2026-10-01
202612,42600,C,2,2026-10-01
202612,42600,P,2,2026-10-01
202612,42700,C,0,2026-10-01
202612,42700,P,0,2026-10-01
202612,42800,C,1,2026-10-01
202612,42800,P,5,2026-10-01
202612,42900,C,0,2026-10-01
202612,42900,P,0,2026-10-01
202612,43000,C,65,2026-10-01
202612,43000,P,73,2026-10-01
202612,43100,C,0,2026-10-01
202612,43100,P,5,2026-10-01
202612,43200,C,0,2026-10-01
202612,43200,P,5,2026-10-01
202612,43300,C,0,2026-10-01
202612,43300,P,0,2026-10-01
202612,43400,C,0,2026-10-01
202612,43400,P,2,2026-10-01
202612,43500,C,0,2026-10-01
202612,43500,P,0,2026-10-01
202612,43600,C,1,2026-10-01
202612,43600,P,0,2026-10-01
202612,43700,C,0,2026-10-01
202612,43700,P,1,2026-10-01
202612,43800,C,1,2026-10-01
202612,43800,P,12,2026-10-01
202612,43900,C,0,2026-10-01
202612,43900,P,1,2026-10-01
202612,44000,C,4,2026-10-01
202612,44000,P,21,2026-10-01
202612,44100,C,0,2026-10-01
202612,44100,P,0,2026-10-01
202612,44200,C,2,2026-10-01
202612,44200,P,65,2026-10-01
202612,44300,C,0,2026-10-01
202612,44300,P,0,2026-10-01
202612,44400,C,1,2026-10-01
202612,44400,P,38,2026-10-01
202612,44500,C,0,2026-10-01
202612,44500,P,0,2026-10-01
202612,44600,C,11,2026-10-01
202612,44600,P,12,2026-10-01
202612,44700,C,0,2026-10-01
202612,44700,P,1,2026-10-01
202612,44800,C,2,2026-10-01
202612,44800,P,8,2026-10-01
202612,44900,C,0,2026-10-01
202612,44900,P,0,2026-10-01
202612,45000,C,4,2026-10-01
202612,45000,P,59,2026-10-01
202612,45100,C,0,2026-10-01
202612,45100,P,0,2026-10-01
202612,45200,C,1,2026-10-01
202612,45200,P,11,2026-10-01
202612,45300,C,0,2026-10-01
202612,45300,P,5,2026-10-01
202612,45400,C,1,2026-10-01
202612,45400,P,10,2026-10-01
202612,45500,C,0,2026-10-01
202612,45500,P,5,2026-10-01
202612,45600,C,3,2026-10-01
202612,45600,P,3,2026-10-01
202612,45700,C,0,2026-10-01
202612,45700,P,0,2026-10-01
202612,45800,C,7,2026-10-01
202612,45800,P,2,2026-10-01
202612,45900,C,0,2026-10-01
202612,45900,P,1,2026-10-01
202612,46000,C,256,2026-10-01
202612,46000,P,35,2026-10-01
202612,46100,C,0,2026-10-01
202612,46100,P,0,2026-10-01
202612,46200,C,2,2026-10-01
202612,46200,P,2,2026-10-01
202612,46300,C,0,2026-10-01
202612,46300,P,4,2026-10-01
202612,46400,C,3,2026-10-01
202612,46400,P,2,2026-10-01
202612,46500,C,0,2026-10-01
202612,46500,P,1,2026-10-01
202612,46600,C,50,2026-10-01
202612,46600,P,11,2026-10-01
202612,46700,C,0,2026-10-01
202612,46700,P,0,2026-10-01
202612,46800,C,12,2026-10-01
202612,46800,P,8,2026-10-01
202612,46900,C,0,2026-10-01
202612,46900,P,5,2026-10-01
202612,47000,C,236,2026-10-01
202612,47000,P,46,2026-10-01
202612,47100,C,0,2026-10-01
202612,47100,P,5,2026-10-01
202612,47200,C,62,2026-10-01
202612,47200,P,5,2026-10-01
202612,47300,C,0,2026-10-01
202612,47300,P,0,2026-10-01
202612,47400,C,68,2026-10-01
202612,47400,P,1,2026-10-01
202612,47500,C,0,2026-10-01
202612,47500,P,0,2026-10-01
202612,47600,C,53,2026-10-01
202612,47600,P,6,2026-10-01
202612,47700,C,0,2026-10-01
202612,47700,P,1,2026-10-01
202612,47800,C,9,2026-10-01
202612,47800,P,2,2026-10-01
202612,47900,C,1,2026-10-01
202612,47900,P,1,2026-10-01
202612,48000,C,61,2026-10-01
202612,48000,P,64,2026-10-01
202612,48100,C,1,2026-10-01
202612,48100,P,1,2026-10-01
202612,48200,C,7,2026-10-01
202612,48200,P,5,2026-10-01
202612,48300,C,1,2026-10-01
202612,48300,P,1,2026-10-01
202612,48400,C,6,2026-10-01
202612,48400,P,5,2026-10-01
202612,48500,C,3,2026-10-01
202612,48500,P,2,2026-10-01
202612,48600,C,5,2026-10-01
202612,48600,P,0,2026-10-01
202612,48700,C,0,2026-10-01
202612,48700,P,0,2026-10-01
202612,48800,C,0,2026-10-01
202612,48800,P,2,2026-10-01
202612,48900,C,0,2026-10-01
202612,48900,P,0,2026-10-01
202612,49000,C,422,2026-10-01
202612,49000,P,6,2026-10-01
202612,49100,C,0,2026-10-01
202612,49100,P,0,2026-10-01
202612,49200,C,16,2026-10-01
202612,49200,P,1,2026-10-01
202612,49300,C,0,2026-10-01
202612,49300,P,0,2026-10-01
202612,49400,C,5,2026-10-01
202612,49400,P,3,2026-10-01
202612,49500,C,0,2026-10-01
202612,49500,P,0,2026-10-01
202612,49600,C,10,2026-10-01
202612,49600,P,0,2026-10-01
202612,49700,C,0,2026-10-01
202612,49700,P,0,2026-10-01
202612,49800,C,0,2026-10-01
202612,49800,P,0,2026-10-01
202612,49900,C,0,2026-10-01
202612,49900,P,0,2026-10-01
202612,50000,C,169,2026-10-01
202612,50000,P,14,2026-10-01
202612,50100,C,0,2026-10-01
202612,50100,P,0,2026-10-01
202612,50200,C,5,2026-10-01
202612,50200,P,2,2026-10-01
202612,50300,C,0,2026-10-01
202612,50300,P,0,2026-10-01
202612,50400,C,40,2026-10-01
202612,50400,P,4,2026-10-01
202612,50500,C,50,2026-10-01
202612,50500,P,0,2026-10-01
202612,50600,C,1,2026-10-01
202612,50600,P,2,2026-10-01
202612,50700,C,0,2026-10-01
202612,50700,P,0,2026-10-01
202612,50800,C,8,2026-10-01
202612,50800,P,0,2026-10-01
202612,50900,C,0,2026-10-01
202612,50900,P,0,2026-10-01
202612,51000,C,33,2026-10-01
202612,51000,P,0,2026-10-01
202612,51100,C,6,2026-10-01
202612,51100,P,0,2026-10-01
202612,51200,C,0,2026-10-01
202612,51200,P,0,2026-10-01
202612,51300,C,0,2026-10-01
202612,51300,P,0,2026-10-01
202612,51400,C,2,2026-10-01
202612,51400,P,0,2026-10-01
202612,51500,C,0,2026-10-01
202612,51500,P,0,2026-10-01
202612,51600,C,0,2026-10-01
202612,51600,P,0,2026-10-01
202612,51700,C,0,2026-10-01
202612,51700,P,0,2026-10-01
202612,51800,C,4,2026-10-01
202612,51800,P,0,2026-10-01
202612,51900,C,1,2026-10-01
202612,51900,P,0,2026-10-01
202612,52000,C,563,2026-10-01
202612,52000,P,0,2026-10-01
202612,52100,C,5,2026-10-01
202612,52100,P,0,2026-10-01
202612,52200,C,0,2026-10-01
202612,52200,P,0,2026-10-01
202612,52300,C,0,2026-10-01
202612,52300,P,0,2026-10-01
202612,52400,C,15,2026-10-01
202612,52400,P,0,2026-10-01
202612,52500,C,1,2026-10-01
202612,52500,P,0,2026-10-01
202612,52600,C,1,2026-10-01
202612,52600,P,0,2026-10-01
202612,52700,C,0,2026-10-01
202612,52700,P,0,2026-10-01
202612,52800,C,6,2026-10-01
202612,52800,P,0,2026-10-01
202612,52900,C,0,2026-10-01
202612,52900,P,0,2026-10-01
202612,53000,C,392,2026-10-01
202612,53000,P,0,2026-10-01
202612,53100,C,2,2026-10-01
202612,53100,P,0,2026-10-01
202612,53200,C,16,2026-10-01
202612,53200,P,0,2026-10-01
202612,53300,C,1,2026-10-01
202612,53300,P,0,2026-10-01
202612,53400,C,2,2026-10-01
202612,53400,P,0,2026-10-01
202612,53500,C,0,2026-10-01
202612,53500,P,0,2026-10-01
202612,53600,C,3,2026-10-01
202612,53600,P,0,2026-10-01
202612,53700,C,0,2026-10-01
202612,53700,P,0,2026-10-01
202612,53800,C,2,2026-10-01
202612,53800,P,0,2026-10-01
202612,53900,C,0,2026-10-01
202612,53900,P,0,2026-10-01
202612,54000,C,321,2026-10-01
202612,54000,P,0,2026-10-01
202612,54100,C,0,2026-10-01
202612,54100,P,0,2026-10-01
202612,54200,C,1,2026-10-01
202612,54200,P,0,2026-10-01
202612,54300,C,1,2026-10-01
202612,54300,P,0,2026-10-01
202612,54400,C,4,2026-10-01
202612,54400,P,0,2026-10-01
202612,54500,C,1,2026-10-01
202612,54500,P,0,2026-10-01
202612,54600,C,1,2026-10-01
202612,54600,P,0,2026-10-01
202612,54700,C,0,2026-10-01
202612,54700,P,0,2026-10-01
202612,54800,C,12,2026-10-01
202612,54800,P,0,2026-10-01
202612,54900,C,0,2026-10-01
202612,54900,P,0,2026-10-01
202612,55000,C,47,2026-10-01
202612,55000,P,0,2026-10-01
202612,55100,C,0,2026-10-01
202612,55100,P,0,2026-10-01
202612,55200,C,1,2026-10-01
202612,55200,P,0,2026-10-01
202612,55300,C,0,2026-10-01
202612,55300,P,0,2026-10-01
202612,55400,C,5,2026-10-01
202612,55400,P,0,2026-10-01
202612,55600,C,20,2026-10-01
202612,55600,P,0,2026-10-01
202612,55800,C,17,2026-10-01
202612,55800,P,0,2026-10-01
202612,56000,C,11,2026-10-01
202612,56000,P,0,2026-10-01
202612,56200,C,1,2026-10-01
202612,56200,P,0,2026-10-01
202612,56400,C,1,2026-10-01
202612,56400,P,0,2026-10-01
202612,56600,C,3,2026-10-01
202612,56600,P,0,2026-10-01
202612,56800,C,1,2026-10-01
202612,56800,P,0,2026-10-01
202612,57000,C,607,2026-10-01
202612,57000,P,0,2026-10-01
202612,57200,C,4,2026-10-01
202612,57200,P,121,2026-10-01
202612,57400,C,265,2026-10-01
202612,57400,P,0,2026-10-01
202703,31800,C,1,2026-10-01
202703,31800,P,105,2026-10-01
202703,32000,C,0,2026-10-01
202703,32000,P,19,2026-10-01
202703,32200,C,0,2026-10-01
202703,32200,P,1,2026-10-01
202703,32400,C,0,2026-10-01
202703,32400,P,0,2026-10-01
202703,32600,C,0,2026-10-01
202703,32600,P,0,2026-10-01
202703,32800,C,0,2026-10-01
202703,32800,P,1,2026-10-01
202703,33000,C,0,2026-10-01
202703,33000,P,11,2026-10-01
202703,33200,C,0,2026-10-01
202703,33200,P,2,2026-10-01
202703,33400,C,0,2026-10-01
202703,33400,P,0,2026-10-01
202703,33600,C,0,2026-10-01
202703,33600,P,1,2026-10-01
202703,33800,C,0,2026-10-01
202703,33800,P,21,2026-10-01
202703,34000,C,0,2026-10-01
202703,34000,P,7,2026-10-01
202703,34200,C,0,2026-10-01
202703,34200,P,1,2026-10-01
202703,34400,C,0,2026-10-01
202703,34400,P,0,2026-10-01
202703,34600,C,0,2026-10-01
202703,34600,P,3,2026-10-01
202703,34800,C,0,2026-10-01
202703,34800,P,2,2026-10-01
202703,35000,C,0,2026-10-01
202703,35000,P,42,2026-10-01
202703,35200,C,0,2026-10-01
202703,35200,P,3,2026-10-01
202703,35400,C,0,2026-10-01
202703,35400,P,10,2026-10-01
202703,35600,C,0,2026-10-01
202703,35600,P,28,2026-10-01
202703,35800,C,0,2026-10-01
202703,35800,P,0,2026-10-01
202703,36000,C,0,2026-10-01
202703,36000,P,60,2026-10-01
202703,36200,C,0,2026-10-01
202703,36200,P,1,2026-10-01
202703,36400,C,0,2026-10-01
202703,36400,P,2,2026-10-01
202703,36600,C,4,2026-10-01
202703,36600,P,17,2026-10-01
202703,36800,C,0,2026-10-01
202703,36800,P,1,2026-10-01
202703,37000,C,0,2026-10-01
202703,37000,P,30,2026-10-01
202703,37200,C,0,2026-10-01
202703,37200,P,2,2026-10-01
202703,37400,C,0,2026-10-01
202703,37400,P,4,2026-10-01
202703,37600,C,0,2026-10-01
202703,37600,P,4,2026-10-01
202703,37800,C,0,2026-10-01
202703,37800,P,4,2026-10-01
202703,38000,C,1,2026-10-01
202703,38000,P,46,2026-10-01
202703,38200,C,0,2026-10-01
202703,38200,P,1,2026-10-01
202703,38400,C,1,2026-10-01
202703,38400,P,2,2026-10-01
202703,38600,C,0,2026-10-01
202703,38600,P,3,2026-10-01
202703,38800,C,0,2026-10-01
202703,38800,P,1,2026-10-01
202703,39000,C,0,2026-10-01
202703,39000,P,7,2026-10-01
202703,39200,C,0,2026-10-01
202703,39200,P,1,2026-10-01
202703,39400,C,0,2026-10-01
202703,39400,P,4,2026-10-01
202703,39600,C,0,2026-10-01
202703,39600,P,6,2026-10-01
202703,39800,C,0,2026-10-01
202703,39800,P,3,2026-10-01
202703,40000,C,2,2026-10-01
202703,40000,P,39,2026-10-01
202703,40200,C,0,2026-10-01
202703,40200,P,4,2026-10-01
202703,40400,C,0,2026-10-01
202703,40400,P,1,2026-10-01
202703,40600,C,0,2026-10-01
202703,40600,P,0,2026-10-01
202703,40800,C,0,2026-10-01
202703,40800,P,2,2026-10-01
202703,41000,C,0,2026-10-01
202703,41000,P,2,2026-10-01
202703,41200,C,0,2026-10-01
202703,41200,P,2,2026-10-01
202703,41400,C,0,2026-10-01
202703,41400,P,3,2026-10-01
202703,41600,C,0,2026-10-01
202703,41600,P,0,2026-10-01
202703,41800,C,0,2026-10-01
202703,41800,P,1,2026-10-01
202703,42000,C,1,2026-10-01
202703,42000,P,10,2026-10-01
202703,42200,C,0,2026-10-01
202703,42200,P,1,2026-10-01
202703,42400,C,0,2026-10-01
202703,42400,P,1,2026-10-01
202703,42600,C,1,2026-10-01
202703,42600,P,1,2026-10-01
202703,42800,C,1,2026-10-01
202703,42800,P,1,2026-10-01
202703,43000,C,0,2026-10-01
202703,43000,P,2,2026-10-01
202703,43200,C,1,2026-10-01
202703,43200,P,1,2026-10-01
202703,43400,C,1,2026-10-01
202703,43400,P,1,2026-10-01
202703,43600,C,1,2026-10-01
202703,43600,P,0,2026-10-01
202703,43800,C,0,2026-10-01
202703,43800,P,1,2026-10-01
202703,44000,C,13,2026-10-01
202703,44000,P,19,2026-10-01
202703,44200,C,2,2026-10-01
202703,44200,P,1,2026-10-01
202703,44400,C,1,2026-10-01
202703,44400,P,1,2026-10-01
202703,44600,C,2,2026-10-01
202703,44600,P,1,2026-10-01
202703,44800,C,1,2026-10-01
202703,44800,P,4,2026-10-01
202703,45000,C,1,2026-10-01
202703,45000,P,3,2026-10-01
202703,45200,C,2,2026-10-01
202703,45200,P,1,2026-10-01
202703,45400,C,1,2026-10-01
202703,45400,P,2,2026-10-01
202703,45600,C,1,2026-10-01
202703,45600,P,1,2026-10-01
202703,45800,C,2,2026-10-01
202703,45800,P,1,2026-10-01
202703,46000,C,5,2026-10-01
202703,46000,P,8,2026-10-01
202703,46200,C,1,2026-10-01
202703,46200,P,1,2026-10-01
202703,46400,C,1,2026-10-01
202703,46400,P,1,2026-10-01
202703,46600,C,2,2026-10-01
202703,46600,P,1,2026-10-01
202703,46800,C,8,2026-10-01
202703,46800,P,1,2026-10-01
202703,47000,C,150,2026-10-01
202703,47000,P,52,2026-10-01
202703,47200,C,1,2026-10-01
202703,47200,P,1,2026-10-01
202703,47400,C,1,2026-10-01
202703,47400,P,3,2026-10-01
202703,47600,C,1,2026-10-01
202703,47600,P,3,2026-10-01
202703,47800,C,1,2026-10-01
202703,47800,P,3,2026-10-01
202703,48000,C,75,2026-10-01
202703,48000,P,62,2026-10-01
202703,48200,C,5,2026-10-01
202703,48200,P,4,2026-10-01
202703,48400,C,3,2026-10-01
202703,48400,P,1,2026-10-01
202703,48600,C,5,2026-10-01
202703,48600,P,1,2026-10-01
202703,48800,C,20,2026-10-01
202703,48800,P,1,2026-10-01
202703,49000,C,27,2026-10-01
202703,49000,P,6,2026-10-01
202703,49200,C,5,2026-10-01
202703,49200,P,1,2026-10-01
202703,49400,C,6,2026-10-01
202703,49400,P,1,2026-10-01
202703,49600,C,1,2026-10-01
202703,49600,P,1,2026-10-01
202703,49800,C,2,2026-10-01
202703,49800,P,1,2026-10-01
202703,50000,C,26,2026-10-01
202703,50000,P,21,2026-10-01
202703,50200,C,2,2026-10-01
202703,50200,P,1,2026-10-01
202703,50400,C,1,2026-10-01
202703,50400,P,1,2026-10-01
202703,50600,C,1,2026-10-01
202703,50600,P,1,2026-10-01
202703,50800,C,2,2026-10-01
202703,50800,P,1,2026-10-01
202703,51000,C,1426,2026-10-01
202703,51000,P,4,2026-10-01
202703,51200,C,2,2026-10-01
202703,51200,P,1,2026-10-01
202703,51400,C,0,2026-10-01
202703,51400,P,1,2026-10-01
202703,51600,C,3,2026-10-01
202703,51600,P,1,2026-10-01
202703,51800,C,1,2026-10-01
202703,51800,P,1,2026-10-01
202703,52000,C,11,2026-10-01
202703,52000,P,1,2026-10-01
202703,52200,C,1,2026-10-01
202703,52200,P,1,2026-10-01
202703,52400,C,11,2026-10-01
202703,52400,P,1,2026-10-01
202703,52600,C,1,2026-10-01
202703,52600,P,1,2026-10-01
202703,52800,C,0,2026-10-01
202703,52800,P,1,2026-10-01
202703,53000,C,12,2026-10-01
202703,53000,P,0,2026-10-01
202703,53200,C,2,2026-10-01
202703,53200,P,1,2026-10-01
202703,53400,C,6,2026-10-01
202703,53400,P,1,2026-10-01
202703,53600,C,2,2026-10-01
202703,53600,P,0,2026-10-01
202703,53800,C,1,2026-10-01
202703,53800,P,0,2026-10-01
202703,54000,C,11,2026-10-01
202703,54000,P,0,2026-10-01
202703,54200,C,4,2026-10-01
202703,54200,P,0,2026-10-01
202703,54400,C,11,2026-10-01
202703,54400,P,0,2026-10-01
202703,54600,C,3,2026-10-01
202703,54600,P,0,2026-10-01
202703,54800,C,3,2026-10-01
202703,54800,P,0,2026-10-01
202703,55000,C,24,2026-10-01
202703,55000,P,0,2026-10-01
202703,55200,C,7,2026-10-01
202703,55200,P,0,2026-10-01
202703,55400,C,6,2026-10-01
202703,55400,P,0,2026-10-01
202703,55600,C,1,2026-10-01
202703,55600,P,0,2026-10-01
202703,55800,C,4,2026-10-01
202703,55800,P,0,2026-10-01
202703,56000,C,1442,2026-10-01
202703,56000,P,0,2026-10-01
202703,56200,C,6,2026-10-01
202703,56200,P,0,2026-10-01
202703,56400,C,12,2026-10-01
202703,56400,P,0,2026-10-01
202703,56600,C,7,2026-10-01
202703,56600,P,0,2026-10-01
202703,56800,C,2,2026-10-01
202703,56800,P,0,2026-10-01
202703,57000,C,16,2026-10-01
202703,57000,P,0,2026-10-01
202703,57200,C,17,2026-10-01
202703,57200,P,0,2026-10-01
202703,57400,C,222,2026-10-01
202703,57400,P,0,2026-10-01
202703,57600,C,0,2026-10-01
202703,57600,P,0,2026-10-01
202703,57800,C,11,2026-10-01
202703,57800,P,0,2026-10-01
202706,36600,C,1,2026-10-01
202706,36600,P,31,2026-10-01
202706,36800,C,0,2026-10-01
202706,36800,P,3,2026-10-01
202706,37000,C,0,2026-10-01
202706,37000,P,8,2026-10-01
202706,37200,C,0,2026-10-01
202706,37200,P,5,2026-10-01
202706,37400,C,0,2026-10-01
202706,37400,P,5,2026-10-01
202706,37600,C,0,2026-10-01
202706,37600,P,9,2026-10-01
202706,37800,C,0,2026-10-01
202706,37800,P,7,2026-10-01
202706,38000,C,0,2026-10-01
202706,38000,P,18,2026-10-01
202706,38200,C,0,2026-10-01
202706,38200,P,11,2026-10-01
202706,38400,C,0,2026-10-01
202706,38400,P,20,2026-10-01
202706,38600,C,0,2026-10-01
202706,38600,P,17,2026-10-01
202706,38800,C,0,2026-10-01
202706,38800,P,15,2026-10-01
202706,39000,C,0,2026-10-01
202706,39000,P,3,2026-10-01
202706,39200,C,0,2026-10-01
202706,39200,P,1,2026-10-01
202706,39400,C,0,2026-10-01
202706,39400,P,7,2026-10-01
202706,39600,C,0,2026-10-01
202706,39600,P,10,2026-10-01
202706,39800,C,0,2026-10-01
202706,39800,P,13,2026-10-01
202706,40000,C,1,2026-10-01
202706,40000,P,2,2026-10-01
202706,40200,C,0,2026-10-01
202706,40200,P,0,2026-10-01
202706,40400,C,0,2026-10-01
202706,40400,P,0,2026-10-01
202706,40600,C,0,2026-10-01
202706,40600,P,1,2026-10-01
202706,40800,C,0,2026-10-01
202706,40800,P,1,2026-10-01
202706,41000,C,2,2026-10-01
202706,41000,P,1,2026-10-01
202706,41200,C,0,2026-10-01
202706,41200,P,1,2026-10-01
202706,41400,C,0,2026-10-01
202706,41400,P,0,2026-10-01
202706,41600,C,0,2026-10-01
202706,41600,P,2,2026-10-01
202706,41800,C,0,2026-10-01
202706,41800,P,4,2026-10-01
202706,42000,C,1,2026-10-01
202706,42000,P,2,2026-10-01
202706,42200,C,0,2026-10-01
202706,42200,P,0,2026-10-01
202706,42400,C,0,2026-10-01
202706,42400,P,0,2026-10-01
202706,42600,C,0,2026-10-01
202706,42600,P,0,2026-10-01
202706,42800,C,0,2026-10-01
202706,42800,P,0,2026-10-01
202706,43000,C,1,2026-10-01
202706,43000,P,4,2026-10-01
202706,43200,C,0,2026-10-01
202706,43200,P,0,2026-10-01
202706,43400,C,0,2026-10-01
202706,43400,P,2,2026-10-01
202706,43600,C,0,2026-10-01
202706,43600,P,2,2026-10-01
202706,43800,C,0,2026-10-01
202706,43800,P,0,2026-10-01
202706,44000,C,1,2026-10-01
202706,44000,P,2,2026-10-01
202706,44200,C,0,2026-10-01
202706,44200,P,0,2026-10-01
202706,44400,C,0,2026-10-01
202706,44400,P,4,2026-10-01
202706,44600,C,0,2026-10-01
202706,44600,P,5,2026-10-01
202706,44800,C,0,2026-10-01
202706,44800,P,2,2026-10-01
202706,45000,C,1,2026-10-01
202706,45000,P,3,2026-10-01
202706,45200,C,0,2026-10-01
202706,45200,P,0,2026-10-01
202706,45400,C,0,2026-10-01
202706,45400,P,0,2026-10-01
202706,45600,C,0,2026-10-01
202706,45600,P,0,2026-10-01
202706,45800,C,0,2026-10-01
202706,45800,P,0,2026-10-01
202706,46000,C,1,2026-10-01
202706,46000,P,5,2026-10-01
202706,46200,C,1,2026-10-01
202706,46200,P,0,2026-10-01
202706,46400,C,0,2026-10-01
202706,46400,P,0,2026-10-01
202706,46600,C,0,2026-10-01
202706,46600,P,0,2026-10-01
202706,46800,C,0,2026-10-01
202706,46800,P,0,2026-10-01
202706,47000,C,0,2026-10-01
202706,47000,P,70,2026-10-01
202706,47200,C,0,2026-10-01
202706,47200,P,0,2026-10-01
202706,47400,C,0,2026-10-01
202706,47400,P,0,2026-10-01
202706,47600,C,0,2026-10-01
202706,47600,P,0,2026-10-01
202706,47800,C,0,2026-10-01
202706,47800,P,0,2026-10-01
202706,48000,C,1,2026-10-01
202706,48000,P,22,2026-10-01
202706,48200,C,0,2026-10-01
202706,48200,P,0,2026-10-01
202706,48400,C,0,2026-10-01
202706,48400,P,2,2026-10-01
202706,48600,C,0,2026-10-01
202706,48600,P,1,2026-10-01
202706,48800,C,0,2026-10-01
202706,48800,P,0,2026-10-01
202706,49000,C,31,2026-10-01
202706,49000,P,7,2026-10-01
202706,49200,C,0,2026-10-01
202706,49200,P,0,2026-10-01
202706,49400,C,0,2026-10-01
202706,49400,P,0,2026-10-01
202706,49600,C,0,2026-10-01
202706,49600,P,0,2026-10-01
202706,49800,C,15,2026-10-01
202706,49800,P,0,2026-10-01
202706,50000,C,58,2026-10-01
202706,50000,P,12,2026-10-01
202706,50200,C,22,2026-10-01
202706,50200,P,0,2026-10-01
202706,50400,C,24,2026-10-01
202706,50400,P,0,2026-10-01
202706,50600,C,0,2026-10-01
202706,50600,P,0,2026-10-01
202706,50800,C,8,2026-10-01
202706,50800,P,0,2026-10-01
202706,51000,C,0,2026-10-01
202706,51000,P,4,2026-10-01
202706,51200,C,0,2026-10-01
202706,51200,P,0,2026-10-01
202706,51400,C,0,2026-10-01
202706,51400,P,0,2026-10-01
202706,51600,C,0,2026-10-01
202706,51600,P,0,2026-10-01
202706,51800,C,0,2026-10-01
202706,51800,P,0,2026-10-01
202706,52000,C,1,2026-10-01
202706,52000,P,0,2026-10-01
202706,52200,C,1,2026-10-01
202706,52200,P,0,2026-10-01
202706,52400,C,1,2026-10-01
202706,52400,P,0,2026-10-01
202706,52600,C,0,2026-10-01
202706,52600,P,0,2026-10-01
202706,52800,C,0,2026-10-01
202706,52800,P,0,2026-10-01
202706,53000,C,2,2026-10-01
202706,53000,P,0,2026-10-01
202706,53200,C,0,2026-10-01
202706,53200,P,0,2026-10-01
202706,53400,C,0,2026-10-01
202706,53400,P,0,2026-10-01
202706,53600,C,0,2026-10-01
202706,53600,P,0,2026-10-01
202706,53800,C,0,2026-10-01
202706,53800,P,0,2026-10-01
202706,54000,C,0,2026-10-01
202706,54000,P,0,2026-10-01
202706,54200,C,0,2026-10-01
202706,54200,P,0,2026-10-01
202706,54400,C,0,2026-10-01
202706,54400,P,0,2026-10-01
202706,54600,C,0,2026-10-01
202706,54600,P,0,2026-10-01
202706,54800,C,0,2026-10-01
202706,54800,P,0,2026-10-01
202706,55000,C,13,2026-10-01
202706,55000,P,0,2026-10-01
202706,55200,C,22,2026-10-01
202706,55200,P,0,2026-10-01
202706,55400,C,0,2026-10-01
202706,55400,P,0,2026-10-01
202706,55600,C,16,2026-10-01
202706,55600,P,0,2026-10-01
202706,55800,C,1,2026-10-01
202706,55800,P,0,2026-10-01
202706,56000,C,4,2026-10-01
202706,56000,P,0,2026-10-01
202706,56200,C,2,2026-10-01
202706,56200,P,0,2026-10-01
202706,56400,C,1,2026-10-01
202706,56400,P,0,2026-10-01
202706,56600,C,2,2026-10-01
202706,56600,P,0,2026-10-01
202706,56800,C,12,2026-10-01
202706,56800,P,0,2026-10-01
202706,57000,C,0,2026-10-01
202706,57000,P,0,2026-10-01
202706,57200,C,0,2026-10-01
202706,57200,P,0,2026-10-01
202706,57400,C,12,2026-10-01
202706,57400,P,0,2026-10-01
202706,57600,C,2,2026-10-01
202706,57600,P,0,2026-10-01
202706,57800,C,35,2026-10-01
202706,57800,P,0,2026-10-01
